[1789275101.119][INFO]: Starting ChromeDriver 153.0.8010.36 (507c6ee3e2f3b2ca0e660547e5b9ea4820c67f4c-refs/branch-heads/8010@{#906}) on port 42563
[1789275101.119][INFO]: Please see https://chromedriver.chromium.org/security-considerations for suggestions on keeping ChromeDriver safe.
[1789275101.129][INFO]: ChromeDriver was started successfully on port 42563
[1789275101.161][INFO]: [814c289f8a3966f2d3843caec6cd0519] COMMAND InitSession {
   "capabilities": {
      "alwaysMatch": {
         "browserName": "chrome",
         "browserVersion": null,
         "goog:chromeOptions": {
            "args": [ "--headless=new", "--window-size=1920,1080", "--disable-gpu", "--no-sandbox", "--disable-dev-shm-usage" ],
            "binary": "/opt/google/chrome/chrome",
            "extensions": [  ]
         },
         "pageLoadStrategy": "normal"
      },
      "firstMatch": [ {
      } ]
   }
}
[1789275101.161][INFO]: Populating Preferences file: {
   "alternate_error_pages": {
      "enabled": false
   },
   "autofill": {
      "enabled": false
   },
   "browser": {
      "check_default_browser": false
   },
   "distribution": {
      "import_bookmarks": false,
      "import_history": false,
      "import_search_engine": false,
      "make_chrome_default_for_user": false,
      "skip_first_run_ui": true
   },
   "dns_prefetching": {
      "enabled": false
   },
   "profile": {
      "content_settings": {
         "pattern_pairs": {
            "https://*,*": {
               "media-stream": {
                  "audio": "Default",
                  "video": "Default"
               }
            }
         }
      },
      "default_content_setting_values": {
         "geolocation": 1
      },
      "default_content_settings": {
         "geolocation": 1,
         "mouselock": 1,
         "notifications": 1,
         "popups": 1,
         "ppapi-broker": 1
      },
      "password_manager_enabled": false
   },
   "safebrowsing": {
      "enabled": false
   },
   "search": {
      "suggest_enabled": false
   },
   "translate": {
      "enabled": false
   }
}
[1789275101.161][INFO]: Populating Local State file: {
   "background_mode": {
      "enabled": false
   },
   "ssl": {
      "rev_checking": {
         "enabled": false
      }
   }
}
[1789275101.161][INFO]: ChromeDriver supports communication with Chrome via pipes. This is more reliable and more secure.
[1789275101.161][INFO]: Use the --remote-debugging-pipe Chrome switch instead of the default --remote-debugging-port to enable this communication mode.
[1789275101.161][INFO]: Launching chrome: /opt/google/chrome/chrome --allow-pre-commit-input --disable-background-networking --disable-background-timer-throttling --disable-backgrounding-occluded-windows --disable-client-side-phishing-detection --disable-default-apps --disable-dev-shm-usage --disable-features=IgnoreDuplicateNavs,Prewarm --disable-gpu --disable-hang-monitor --disable-popup-blocking --disable-prompt-on-repost --disable-sync --enable-automation --enable-logging=stderr --headless=new --log-level=0 --no-first-run --no-sandbox --no-service-autorun --password-store=basic --remote-debugging-port=0 --test-type=webdriver --use-mock-keychain --user-data-dir=/tmp/org.chromium.Chromium.scoped_dir.AGEcKG --window-size=1920,1080 data:,
[0913/045141.183739:WARNING:chrome/app/chrome_main_linux.cc:84] Read channel stable from /opt/google/chrome/CHROME_VERSION_EXTRA
[19997:20013:0913/045141.233137:ERROR:dbus/bus.cc:405] Failed to connect to the bus: Failed to connect to socket /run/dbus/system_bus_socket: No such file or directory
[19997:20013:0913/045141.233267:ERROR:dbus/bus.cc:405] Failed to connect to the bus: Could not parse server address: Unknown address type (examples of valid types are "tcp" and on UNIX "unix")
[19997:20013:0913/045141.233393:ERROR:dbus/bus.cc:405] Failed to connect to the bus: Failed to connect to socket /run/dbus/system_bus_socket: No such file or directory
[19997:20013:0913/045141.233473:ERROR:dbus/bus.cc:405] Failed to connect to the bus: Failed to connect to socket /run/dbus/system_bus_socket: No such file or directory
[19997:20013:0913/045141.233530:ERROR:dbus/bus.cc:405] Failed to connect to the bus: Could not parse server address: Unknown address type (examples of valid types are "tcp" and on UNIX "unix")
[19997:19997:0913/045141.250079:INFO:components/enterprise/browser/controller/chrome_browser_cloud_management_controller.cc:241] No machine level policy manager exists.
[19997:20013:0913/045141.283309:ERROR:dbus/bus.cc:405] Failed to connect to the bus: Could not parse server address: Unknown address type (examples of valid types are "tcp" and on UNIX "unix")

DevTools listening on ws://127.0.0.1:45615/devtools/browser/f710f892-b01d-4c8f-a942-b75ee8a2f64e
[1789275101.338][DEBUG]: DevTools HTTP Request: http://localhost:45615/json/version
[20029:20029:0913/045141.376043:WARNING:media/gpu/vaapi/vaapi_wrapper.cc:1660] drmGetDevices2() has not found any devices
[20029:20029:0913/045141.387289:WARNING:sandbox/policy/linux/sandbox_linux.cc:405] InitializeSandbox() called with multiple threads in process gpu-process.
[19997:19997:0913/045141.437748:ERROR:dbus/object_proxy.cc:572] Failed to call method: org.freedesktop.DBus.NameHasOwner: object_path= /org/freedesktop/DBus: unknown error type: 
[19997:19997:0913/045141.438118:WARNING:device/bluetooth/dbus/bluez_dbus_manager.cc:209] Floss manager service not available, cannot set Floss enable/disable.
[19997:20013:0913/045141.438163:ERROR:dbus/bus.cc:405] Failed to connect to the bus: Could not parse server address: Unknown address type (examples of valid types are "tcp" and on UNIX "unix")
[19997:19997:0913/045141.438261:ERROR:dbus/object_proxy.cc:572] Failed to call method: org.freedesktop.DBus.NameHasOwner: object_path= /org/freedesktop/DBus: unknown error type: 
[19997:19997:0913/045141.439677:ERROR:dbus/object_proxy.cc:572] Failed to call method: org.freedesktop.DBus.NameHasOwner: object_path= /org/freedesktop/DBus: unknown error type: 
[19997:20013:0913/045141.439851:ERROR:dbus/bus.cc:405] Failed to connect to the bus: Could not parse server address: Unknown address type (examples of valid types are "tcp" and on UNIX "unix")
[19997:20013:0913/045141.440193:ERROR:dbus/bus.cc:405] Failed to connect to the bus: Could not parse server address: Unknown address type (examples of valid types are "tcp" and on UNIX "unix")
[1789275101.447][DEBUG]: DevTools HTTP Response: {
   "Browser": "Chrome/153.0.8010.36",
   "Protocol-Version": "1.3",
   "User-Agent": "Mozilla/5.0 (X11; Linux x86_64) AppleWebKit/537.36 (KHTML, like Gecko) HeadlessChrome/153.0.0.0 Safari/537.36",
   "V8-Version": "15.3.76.10",
   "WebKit-Version": "537.36 (@507c6ee3e2f3b2ca0e660547e5b9ea4820c67f4c)",
   "webSocketDebuggerUrl": "ws://localhost:45615/devtools/browser/f710f892-b01d-4c8f-a942-b75ee8a2f64e"
}

[1789275101.447][DEBUG]: DevTools HTTP Request: http://localhost:45615/json/list
[19997:19997:0913/045141.461913:ERROR:dbus/object_proxy.cc:572] Failed to call method: org.freedesktop.DBus.NameHasOwner: object_path= /org/freedesktop/DBus: unknown error type: 
[19997:20013:0913/045141.462646:ERROR:dbus/bus.cc:405] Failed to connect to the bus: Failed to connect to socket /run/dbus/system_bus_socket: No such file or directory
[19997:20013:0913/045141.462721:ERROR:dbus/bus.cc:405] Failed to connect to the bus: Failed to connect to socket /run/dbus/system_bus_socket: No such file or directory
[19997:19997:0913/045141.470953:ERROR:dbus/object_proxy.cc:572] Failed to call method: org.freedesktop.DBus.NameHasOwner: object_path= /org/freedesktop/DBus: unknown error type: 
[19997:20013:0913/045141.472190:ERROR:dbus/bus.cc:405] Failed to connect to the bus: Could not parse server address: Unknown address type (examples of valid types are "tcp" and on UNIX "unix")
[19997:19997:0913/045141.472342:ERROR:dbus/object_proxy.cc:572] Failed to call method: org.freedesktop.DBus.NameHasOwner: object_path= /org/freedesktop/DBus: unknown error type: 
[1789275101.476][DEBUG]: DevTools HTTP Response: [ {
   "description": "",
   "devtoolsFrontendUrl": "https://chrome-devtools-frontend.appspot.com/serve_rev/@507c6ee3e2f3b2ca0e660547e5b9ea4820c67f4c/inspector.html?ws=localhost:45615/devtools/page/8D801F2DEA53EC3F5B3A16235CEB322A",
   "id": "8D801F2DEA53EC3F5B3A16235CEB322A",
   "title": "",
   "type": "page",
   "url": "data:,",
   "webSocketDebuggerUrl": "ws://localhost:45615/devtools/page/8D801F2DEA53EC3F5B3A16235CEB322A"
}, {
   "description": "",
   "devtoolsFrontendUrl": "https://chrome-devtools-frontend.appspot.com/serve_rev/@507c6ee3e2f3b2ca0e660547e5b9ea4820c67f4c/inspector.html?ws=localhost:45615/devtools/page/39E4CAC27D32CB8F341A36070569CB36",
   "id": "39E4CAC27D32CB8F341A36070569CB36",
   "title": "",
   "type": "browser_ui",
   "url": "chrome://omnibox-popup.top-chrome/",
   "webSocketDebuggerUrl": "ws://localhost:45615/devtools/page/39E4CAC27D32CB8F341A36070569CB36"
}, {
   "description": "",
   "devtoolsFrontendUrl": "https://chrome-devtools-frontend.appspot.com/serve_rev/@507c6ee3e2f3b2ca0e660547e5b9ea4820c67f4c/inspector.html?ws=localhost:45615/devtools/page/FB9469B7D3D956512C3F6FD94ADF52DC",
   "id": "FB9469B7D3D956512C3F6FD94ADF52DC",
   "title": "",
   "type": "browser_ui",
   "url": "chrome://omnibox-popup.top-chrome/omnibox_popup_aim.html",
   "webSocketDebuggerUrl": "ws://localhost:45615/devtools/page/FB9469B7D3D956512C3F6FD94ADF52DC"
} ]

[1789275101.477][INFO]: resolved localhost to ["::1","127.0.0.1"]
[19997:19997:0913/045141.484595:WARNING:dbus/property.cc:94] Failed to connect to PropertiesChangedsignal.
[19997:19997:0913/045141.485173:ERROR:dbus/object_proxy.cc:572] Failed to call method: org.freedesktop.DBus.Properties.GetAll: object_path= /org/freedesktop/UPower/devices/DisplayDevice: unknown error type: 
[19997:19997:0913/045141.485437:WARNING:dbus/property.cc:174] GetAll request failed for: org.freedesktop.UPower.Device
[19997:19997:0913/045141.486031:ERROR:dbus/object_proxy.cc:572] Failed to call method: org.freedesktop.DBus.NameHasOwner: object_path= /org/freedesktop/DBus: unknown error type: 
[19997:20013:0913/045141.488844:ERROR:dbus/bus.cc:405] Failed to connect to the bus: Could not parse server address: Unknown address type (examples of valid types are "tcp" and on UNIX "unix")
[1789275101.501][DEBUG]: DevTools WebSocket Command: Target.getTargets (id=1) (session_id=) browser {
   "filter": [ {
      "exclude": true,
      "type": "browser"
   }, {
      "exclude": true,
      "type": "page"
   }, {
      "exclude": false
   } ]
}
[19997:19997:0913/045141.526250:ERROR:dbus/object_proxy.cc:572] Failed to call method: org.freedesktop.DBus.NameHasOwner: object_path= /org/freedesktop/DBus: unknown error type: 
[19997:20013:0913/045141.528512:ERROR:dbus/bus.cc:405] Failed to connect to the bus: Could not parse server address: Unknown address type (examples of valid types are "tcp" and on UNIX "unix")
[1789275101.542][DEBUG]: DevTools WebSocket Response: Target.getTargets (id=1) (session_id=) browser {
   "targetInfos": [ {
      "attached": false,
      "browserContextId": "090D8DB6DC06E523ACE0155686029545",
      "canAccessOpener": false,
      "targetId": "FB9469B7D3D956512C3F6FD94ADF52DC",
      "title": "chrome://omnibox-popup.top-chrome/omnibox_popup_aim.html",
      "type": "browser_ui",
      "url": "chrome://omnibox-popup.top-chrome/omnibox_popup_aim.html"
   }, {
      "attached": false,
      "browserContextId": "090D8DB6DC06E523ACE0155686029545",
      "canAccessOpener": false,
      "targetId": "39E4CAC27D32CB8F341A36070569CB36",
      "title": "",
      "type": "browser_ui",
      "url": "chrome://omnibox-popup.top-chrome/"
   }, {
      "attached": false,
      "browserContextId": "090D8DB6DC06E523ACE0155686029545",
      "canAccessOpener": false,
      "embedderData": {
         "tabActive": true,
         "tabPinned": false,
         "tabStripIndex": 0
      },
      "targetId": "B78F473D20D8F8393A5802EB5C8284BB",
      "title": "",
      "type": "tab",
      "url": "data:,"
   } ]
}
[1789275101.542][DEBUG]: DevTools WebSocket Command: Target.attachToTarget (id=2) (session_id=) browser {
   "flatten": true,
   "targetId": "B78F473D20D8F8393A5802EB5C8284BB"
}
[19997:19997:0913/045141.565739:ERROR:dbus/object_proxy.cc:572] Failed to call method: org.freedesktop.DBus.NameHasOwner: object_path= /org/freedesktop/DBus: unknown error type: 
[19997:19997:0913/045141.566049:WARNING:ui/base/idle/idle_linux.cc:111] None of the known D-Bus ScreenSaver services could be used.
[1789275101.589][DEBUG]: DevTools WebSocket Event: Target.attachedToTarget (session_id=) browser {
   "sessionId": "A564BD0D504AD93EAFE32D1DFB61CC62",
   "targetInfo": {
      "attached": true,
      "browserContextId": "090D8DB6DC06E523ACE0155686029545",
      "canAccessOpener": false,
      "embedderData": {
         "tabActive": true,
         "tabPinned": false,
         "tabStripIndex": 0
      },
      "targetId": "B78F473D20D8F8393A5802EB5C8284BB",
      "title": "",
      "type": "tab",
      "url": "data:,"
   },
   "waitingForDebugger": false
}
[1789275101.590][DEBUG]: DevTools WebSocket Response: Target.attachToTarget (id=2) (session_id=) browser {
   "sessionId": "A564BD0D504AD93EAFE32D1DFB61CC62"
}
[1789275101.590][DEBUG]: DevTools WebSocket Command: Target.setAutoAttach (id=3) (session_id=A564BD0D504AD93EAFE32D1DFB61CC62) B78F473D20D8F8393A5802EB5C8284BB {
   "autoAttach": true,
   "flatten": true,
   "waitForDebuggerOnStart": false
}
[1789275101.601][DEBUG]: DevTools WebSocket Event: Target.attachedToTarget (session_id=A564BD0D504AD93EAFE32D1DFB61CC62) B78F473D20D8F8393A5802EB5C8284BB {
   "sessionId": "ADD01671FB081D75F474B44D4C57A6D0",
   "targetInfo": {
      "attached": true,
      "browserContextId": "090D8DB6DC06E523ACE0155686029545",
      "canAccessOpener": false,
      "targetId": "8D801F2DEA53EC3F5B3A16235CEB322A",
      "title": "",
      "type": "page",
      "url": "data:,"
   },
   "waitingForDebugger": false
}
[1789275101.601][DEBUG]: DevTools WebSocket Command: Page.enable (id=4) (session_id=ADD01671FB081D75F474B44D4C57A6D0) 8D801F2DEA53EC3F5B3A16235CEB322A {
}
[1789275101.601][DEBUG]: DevTools WebSocket Command: Page.addScriptToEvaluateOnNewDocument (id=5) (session_id=ADD01671FB081D75F474B44D4C57A6D0) 8D801F2DEA53EC3F5B3A16235CEB322A {
   "source": "(function () {window.cdc_adoQpoasnfa76pfcZLmcfl_Array = window.Array;window.cdc_adoQpoasnfa76pfcZLmcfl_Object = window.Object;window.cdc_adoQpoasnfa76pfcZLmcfl_Promise = window.Promise;window.cdc_a..."
}
[1789275101.602][DEBUG]: DevTools WebSocket Command: Runtime.evaluate (id=6) (session_id=ADD01671FB081D75F474B44D4C57A6D0) 8D801F2DEA53EC3F5B3A16235CEB322A {
   "expression": "(function () {window.cdc_adoQpoasnfa76pfcZLmcfl_Array = window.Array;window.cdc_adoQpoasnfa76pfcZLmcfl_Object = window.Object;window.cdc_adoQpoasnfa76pfcZLmcfl_Promise = window.Promise;window.cdc_a..."
}
[1789275101.602][DEBUG]: DevTools WebSocket Command: Log.enable (id=7) (session_id=ADD01671FB081D75F474B44D4C57A6D0) 8D801F2DEA53EC3F5B3A16235CEB322A {
}
[1789275101.604][DEBUG]: DevTools WebSocket Command: Target.setAutoAttach (id=8) (session_id=ADD01671FB081D75F474B44D4C57A6D0) 8D801F2DEA53EC3F5B3A16235CEB322A {
   "autoAttach": true,
   "flatten": true,
   "waitForDebuggerOnStart": false
}
[1789275101.604][DEBUG]: DevTools WebSocket Response: Target.setAutoAttach (id=3) (session_id=A564BD0D504AD93EAFE32D1DFB61CC62) B78F473D20D8F8393A5802EB5C8284BB {
}
[1789275101.632][DEBUG]: DevTools WebSocket Response: Page.enable (id=4) (session_id=ADD01671FB081D75F474B44D4C57A6D0) 8D801F2DEA53EC3F5B3A16235CEB322A {
}
[1789275101.632][DEBUG]: DevTools WebSocket Response: Page.addScriptToEvaluateOnNewDocument (id=5) (session_id=ADD01671FB081D75F474B44D4C57A6D0) 8D801F2DEA53EC3F5B3A16235CEB322A {
   "identifier": "1"
}
[1789275101.632][DEBUG]: DevTools WebSocket Response: Runtime.evaluate (id=6) (session_id=ADD01671FB081D75F474B44D4C57A6D0) 8D801F2DEA53EC3F5B3A16235CEB322A {
   "result": {
      "type": "undefined"
   }
}
[1789275101.632][DEBUG]: DevTools WebSocket Response: Log.enable (id=7) (session_id=ADD01671FB081D75F474B44D4C57A6D0) 8D801F2DEA53EC3F5B3A16235CEB322A {
}
[1789275101.633][DEBUG]: DevTools WebSocket Response: Target.setAutoAttach (id=8) (session_id=ADD01671FB081D75F474B44D4C57A6D0) 8D801F2DEA53EC3F5B3A16235CEB322A {
}
[1789275101.633][DEBUG]: DevTools WebSocket Command: Runtime.enable (id=9) (session_id=ADD01671FB081D75F474B44D4C57A6D0) 8D801F2DEA53EC3F5B3A16235CEB322A {
}
[1789275101.638][DEBUG]: DevTools WebSocket Event: Page.domContentEventFired (session_id=ADD01671FB081D75F474B44D4C57A6D0) 8D801F2DEA53EC3F5B3A16235CEB322A {
   "timestamp": 2348.326286
}
[1789275101.638][DEBUG]: DevTools WebSocket Event: Page.loadEventFired (session_id=ADD01671FB081D75F474B44D4C57A6D0) 8D801F2DEA53EC3F5B3A16235CEB322A {
   "timestamp": 2348.326686
}
[1789275101.649][DEBUG]: DevTools WebSocket Event: Page.frameStoppedLoading (session_id=ADD01671FB081D75F474B44D4C57A6D0) 8D801F2DEA53EC3F5B3A16235CEB322A {
   "frameId": "8D801F2DEA53EC3F5B3A16235CEB322A"
}
[1789275101.652][DEBUG]: DevTools WebSocket Event: Page.frameResized (session_id=ADD01671FB081D75F474B44D4C57A6D0) 8D801F2DEA53EC3F5B3A16235CEB322A {
}
[1789275101.656][DEBUG]: DevTools WebSocket Event: Runtime.executionContextCreated (session_id=ADD01671FB081D75F474B44D4C57A6D0) 8D801F2DEA53EC3F5B3A16235CEB322A {
   "context": {
      "auxData": {
         "frameId": "8D801F2DEA53EC3F5B3A16235CEB322A",
         "isDefault": true,
         "type": "default"
      },
      "id": 1,
      "name": "",
      "origin": "://",
      "uniqueId": "1776069879621371646.2983225834744013964"
   }
}
[1789275101.657][DEBUG]: DevTools WebSocket Response: Runtime.enable (id=9) (session_id=ADD01671FB081D75F474B44D4C57A6D0) 8D801F2DEA53EC3F5B3A16235CEB322A {
}
[1789275101.657][DEBUG]: DevTools WebSocket Command: Runtime.enable (id=10) (session_id=ADD01671FB081D75F474B44D4C57A6D0) 8D801F2DEA53EC3F5B3A16235CEB322A {
}
[1789275101.660][DEBUG]: DevTools WebSocket Response: Runtime.enable (id=10) (session_id=ADD01671FB081D75F474B44D4C57A6D0) 8D801F2DEA53EC3F5B3A16235CEB322A {
}
[1789275101.660][INFO]: [814c289f8a3966f2d3843caec6cd0519] RESPONSE InitSession {
   "capabilities": {
      "acceptInsecureCerts": false,
      "browserName": "chrome",
      "browserVersion": "153.0.8010.36",
      "chrome": {
         "chromedriverVersion": "153.0.8010.36 (507c6ee3e2f3b2ca0e660547e5b9ea4820c67f4c-refs/branch-heads/8010@{#906})",
         "userDataDir": "/tmp/org.chromium.Chromium.scoped_dir.AGEcKG"
      },
      "fedcm:accounts": true,
      "goog:chromeOptions": {
         "debuggerAddress": "localhost:45615"
      },
      "goog:processID": 19997,
      "networkConnectionEnabled": false,
      "pageLoadStrategy": "normal",
      "platformName": "linux",
      "proxy": {
      },
      "setWindowRect": true,
      "strictFileInteractability": false,
      "timeouts": {
         "implicit": 0,
         "pageLoad": 300000,
         "script": 30000
      },
      "unhandledPromptBehavior": "dismiss and notify",
      "webauthn:extension:cmtgKey": true,
      "webauthn:extension:credBlob": true,
      "webauthn:extension:largeBlob": true,
      "webauthn:extension:minPinLength": true,
      "~~~": "..."
   },
   "sessionId": "814c289f8a3966f2d3843caec6cd0519"
}
[1789275101.667][INFO]: [814c289f8a3966f2d3843caec6cd0519] COMMAND Navigate {
   "url": "https://www.betexplorer.com/football/results/?year=2026&month=09&day=13"
}
[1789275101.667][INFO]: Waiting for pending navigations...
[1789275101.667][DEBUG]: DevTools WebSocket Command: Runtime.evaluate (id=11) (session_id=ADD01671FB081D75F474B44D4C57A6D0) 8D801F2DEA53EC3F5B3A16235CEB322A {
   "expression": "1"
}
[1789275101.667][DEBUG]: DevTools WebSocket Response: Runtime.evaluate (id=11) (session_id=ADD01671FB081D75F474B44D4C57A6D0) 8D801F2DEA53EC3F5B3A16235CEB322A {
   "result": {
      "description": "1",
      "type": "number",
      "value": 1
   }
}
[1789275101.668][INFO]: Done waiting for pending navigations. Status: ok
[1789275101.668][DEBUG]: DevTools WebSocket Command: Page.navigate (id=12) (session_id=ADD01671FB081D75F474B44D4C57A6D0) 8D801F2DEA53EC3F5B3A16235CEB322A {
   "url": "https://www.betexplorer.com/football/results/?year=2026&month=09&day=13"
}
[1789275101.678][DEBUG]: DevTools WebSocket Event: Page.frameStartedNavigating (session_id=ADD01671FB081D75F474B44D4C57A6D0) 8D801F2DEA53EC3F5B3A16235CEB322A {
   "frameId": "8D801F2DEA53EC3F5B3A16235CEB322A",
   "loaderId": "92F0E86B729B885DBFFD7C7CE2C4CCB9",
   "navigationType": "differentDocument",
   "url": "https://www.betexplorer.com/football/results/?year=2026&month=09&day=13"
}
[1789275101.678][DEBUG]: DevTools WebSocket Event: Page.frameStartedLoading (session_id=ADD01671FB081D75F474B44D4C57A6D0) 8D801F2DEA53EC3F5B3A16235CEB322A {
   "frameId": "8D801F2DEA53EC3F5B3A16235CEB322A"
}
[1789275103.673][DEBUG]: DevTools WebSocket Response: Page.navigate (id=12) (session_id=ADD01671FB081D75F474B44D4C57A6D0) 8D801F2DEA53EC3F5B3A16235CEB322A {
   "frameId": "8D801F2DEA53EC3F5B3A16235CEB322A",
   "isDownload": false,
   "loaderId": "92F0E86B729B885DBFFD7C7CE2C4CCB9"
}
[1789275103.673][INFO]: Waiting for pending navigations...
[1789275103.673][DEBUG]: DevTools WebSocket Command: Runtime.evaluate (id=13) (session_id=ADD01671FB081D75F474B44D4C57A6D0) 8D801F2DEA53EC3F5B3A16235CEB322A {
   "expression": "1"
}
[1789275103.677][DEBUG]: DevTools WebSocket Event: Runtime.executionContextsCleared (session_id=ADD01671FB081D75F474B44D4C57A6D0) 8D801F2DEA53EC3F5B3A16235CEB322A {
}
[1789275103.678][DEBUG]: DevTools WebSocket Event: Runtime.executionContextsCleared (session_id=ADD01671FB081D75F474B44D4C57A6D0) 8D801F2DEA53EC3F5B3A16235CEB322A {
}
[1789275103.678][DEBUG]: DevTools WebSocket Event: Page.frameNavigated (session_id=ADD01671FB081D75F474B44D4C57A6D0) 8D801F2DEA53EC3F5B3A16235CEB322A {
   "frame": {
      "adFrameStatus": {
         "adFrameType": "none"
      },
      "crossOriginIsolatedContextType": "NotIsolated",
      "domainAndRegistry": "betexplorer.com",
      "gatedAPIFeatures": [  ],
      "id": "8D801F2DEA53EC3F5B3A16235CEB322A",
      "loaderId": "92F0E86B729B885DBFFD7C7CE2C4CCB9",
      "mimeType": "text/html",
      "secureContextType": "Secure",
      "securityOrigin": "https://www.betexplorer.com",
      "securityOriginDetails": {
         "isLocalhost": false
      },
      "url": "https://www.betexplorer.com/football/results/?year=2026&month=09&day=13"
   },
   "type": "Navigation"
}
[1789275103.716][DEBUG]: DevTools WebSocket Event: Runtime.executionContextCreated (session_id=ADD01671FB081D75F474B44D4C57A6D0) 8D801F2DEA53EC3F5B3A16235CEB322A {
   "context": {
      "auxData": {
         "frameId": "8D801F2DEA53EC3F5B3A16235CEB322A",
         "isDefault": true,
         "type": "default"
      },
      "id": 1,
      "name": "",
      "origin": "https://www.betexplorer.com",
      "uniqueId": "6589865217454803122.3659533406383244025"
   }
}
[1789275103.717][DEBUG]: DevTools WebSocket Response: Runtime.evaluate (id=13) (session_id=ADD01671FB081D75F474B44D4C57A6D0) 8D801F2DEA53EC3F5B3A16235CEB322A {
   "result": {
      "description": "1",
      "type": "number",
      "value": 1
   }
}
[1789275103.886][DEBUG]: DevTools WebSocket Event: Page.frameAttached (session_id=ADD01671FB081D75F474B44D4C57A6D0) 8D801F2DEA53EC3F5B3A16235CEB322A {
   "frameId": "AED5510A0E13170B5E7165B27ADFFE0D",
   "parentFrameId": "8D801F2DEA53EC3F5B3A16235CEB322A"
}
[1789275103.886][DEBUG]: DevTools WebSocket Event: Page.frameRequestedNavigation (session_id=ADD01671FB081D75F474B44D4C57A6D0) 8D801F2DEA53EC3F5B3A16235CEB322A {
   "disposition": "currentTab",
   "frameId": "AED5510A0E13170B5E7165B27ADFFE0D",
   "reason": "initialFrameNavigation",
   "url": "about:blank"
}
[1789275103.886][DEBUG]: DevTools WebSocket Command: Runtime.evaluate (id=14) (session_id=ADD01671FB081D75F474B44D4C57A6D0) 8D801F2DEA53EC3F5B3A16235CEB322A {
   "expression": "1"
}
[1789275103.891][DEBUG]: DevTools WebSocket Event: Page.frameNavigated (session_id=ADD01671FB081D75F474B44D4C57A6D0) 8D801F2DEA53EC3F5B3A16235CEB322A {
   "frame": {
      "adFrameStatus": {
         "adFrameType": "none",
         "explanations": [  ]
      },
      "crossOriginIsolatedContextType": "NotIsolated",
      "domainAndRegistry": "",
      "gatedAPIFeatures": [  ],
      "id": "AED5510A0E13170B5E7165B27ADFFE0D",
      "loaderId": "6B401554C72728936876E1F1148EAFC3",
      "mimeType": "text/html",
      "name": "banx-top_desktop",
      "parentId": "8D801F2DEA53EC3F5B3A16235CEB322A",
      "secureContextType": "Secure",
      "securityOrigin": "://",
      "securityOriginDetails": {
         "isLocalhost": false
      },
      "url": "about:blank"
   },
   "type": "Navigation"
}
[1789275103.891][DEBUG]: DevTools WebSocket Event: Page.frameStartedLoading (session_id=ADD01671FB081D75F474B44D4C57A6D0) 8D801F2DEA53EC3F5B3A16235CEB322A {
   "frameId": "AED5510A0E13170B5E7165B27ADFFE0D"
}
[1789275103.900][DEBUG]: DevTools WebSocket Event: Runtime.executionContextCreated (session_id=ADD01671FB081D75F474B44D4C57A6D0) 8D801F2DEA53EC3F5B3A16235CEB322A {
   "context": {
      "auxData": {
         "frameId": "AED5510A0E13170B5E7165B27ADFFE0D",
         "isDefault": true,
         "type": "default"
      },
      "id": 2,
      "name": "",
      "origin": "https://www.betexplorer.com",
      "uniqueId": "3655803116589414552.-405258230231500552"
   }
}
[1789275103.900][DEBUG]: DevTools WebSocket Event: Page.frameStoppedLoading (session_id=ADD01671FB081D75F474B44D4C57A6D0) 8D801F2DEA53EC3F5B3A16235CEB322A {
   "frameId": "AED5510A0E13170B5E7165B27ADFFE0D"
}
[1789275103.902][DEBUG]: DevTools WebSocket Response: Runtime.evaluate (id=14) (session_id=ADD01671FB081D75F474B44D4C57A6D0) 8D801F2DEA53EC3F5B3A16235CEB322A {
   "result": {
      "description": "1",
      "type": "number",
      "value": 1
   }
}
[1789275103.963][DEBUG]: DevTools WebSocket Event: Page.frameAttached (session_id=ADD01671FB081D75F474B44D4C57A6D0) 8D801F2DEA53EC3F5B3A16235CEB322A {
   "frameId": "C86CEB7075CD3A7E266504245FDC87F2",
   "parentFrameId": "8D801F2DEA53EC3F5B3A16235CEB322A"
}
[1789275103.963][DEBUG]: DevTools WebSocket Event: Page.frameRequestedNavigation (session_id=ADD01671FB081D75F474B44D4C57A6D0) 8D801F2DEA53EC3F5B3A16235CEB322A {
   "disposition": "currentTab",
   "frameId": "C86CEB7075CD3A7E266504245FDC87F2",
   "reason": "initialFrameNavigation",
   "url": "about:blank"
}
[1789275103.964][DEBUG]: DevTools WebSocket Command: Runtime.evaluate (id=15) (session_id=ADD01671FB081D75F474B44D4C57A6D0) 8D801F2DEA53EC3F5B3A16235CEB322A {
   "expression": "1"
}
[1789275103.964][DEBUG]: DevTools WebSocket Event: Page.frameNavigated (session_id=ADD01671FB081D75F474B44D4C57A6D0) 8D801F2DEA53EC3F5B3A16235CEB322A {
   "frame": {
      "adFrameStatus": {
         "adFrameType": "none",
         "explanations": [  ]
      },
      "crossOriginIsolatedContextType": "NotIsolated",
      "domainAndRegistry": "",
      "gatedAPIFeatures": [  ],
      "id": "C86CEB7075CD3A7E266504245FDC87F2",
      "loaderId": "1DD12B848A8E54214A392D1A4D6B6AAB",
      "mimeType": "text/html",
      "name": "banx-top_mobile",
      "parentId": "8D801F2DEA53EC3F5B3A16235CEB322A",
      "secureContextType": "Secure",
      "securityOrigin": "://",
      "securityOriginDetails": {
         "isLocalhost": false
      },
      "url": "about:blank"
   },
   "type": "Navigation"
}
[1789275103.966][DEBUG]: DevTools WebSocket Event: Page.frameStartedLoading (session_id=ADD01671FB081D75F474B44D4C57A6D0) 8D801F2DEA53EC3F5B3A16235CEB322A {
   "frameId": "C86CEB7075CD3A7E266504245FDC87F2"
}
[1789275103.971][DEBUG]: DevTools WebSocket Event: Runtime.executionContextCreated (session_id=ADD01671FB081D75F474B44D4C57A6D0) 8D801F2DEA53EC3F5B3A16235CEB322A {
   "context": {
      "auxData": {
         "frameId": "C86CEB7075CD3A7E266504245FDC87F2",
         "isDefault": true,
         "type": "default"
      },
      "id": 3,
      "name": "",
      "origin": "https://www.betexplorer.com",
      "uniqueId": "6859889141904297505.5063731901314746260"
   }
}
[1789275103.972][DEBUG]: DevTools WebSocket Event: Page.frameStoppedLoading (session_id=ADD01671FB081D75F474B44D4C57A6D0) 8D801F2DEA53EC3F5B3A16235CEB322A {
   "frameId": "C86CEB7075CD3A7E266504245FDC87F2"
}
[1789275103.975][DEBUG]: DevTools WebSocket Response: Runtime.evaluate (id=15) (session_id=ADD01671FB081D75F474B44D4C57A6D0) 8D801F2DEA53EC3F5B3A16235CEB322A {
   "result": {
      "description": "1",
      "type": "number",
      "value": 1
   }
}
[1789275104.477][DEBUG]: DevTools WebSocket Command: Runtime.evaluate (id=16) (session_id=ADD01671FB081D75F474B44D4C57A6D0) 8D801F2DEA53EC3F5B3A16235CEB322A {
   "expression": "1"
}
[1789275104.530][DEBUG]: DevTools WebSocket Event: Page.frameAttached (session_id=ADD01671FB081D75F474B44D4C57A6D0) 8D801F2DEA53EC3F5B3A16235CEB322A {
   "frameId": "3748561E22D6C3E5AE0ED730E2B35305",
   "parentFrameId": "8D801F2DEA53EC3F5B3A16235CEB322A",
   "stack": {
      "callFrames": [ {
         "columnNumber": 25416,
         "functionName": "S.addLocator",
         "lineNumber": 0,
         "scriptId": "9",
         "url": "https://cdn.cookielaw.org/scripttemplates/otSDKStub.js"
      }, {
         "columnNumber": 25047,
         "functionName": "S.addIabFrame",
         "lineNumber": 0,
         "scriptId": "9",
         "url": "https://cdn.cookielaw.org/scripttemplates/otSDKStub.js"
      }, {
         "columnNumber": 24800,
         "functionName": "S.intializeIabStub",
         "lineNumber": 0,
         "scriptId": "9",
         "url": "https://cdn.cookielaw.org/scripttemplates/otSDKStub.js"
      }, {
         "columnNumber": 22303,
         "functionName": "",
         "lineNumber": 0,
         "scriptId": "9",
         "url": "https://cdn.cookielaw.org/scripttemplates/otSDKStub.js"
      }, {
         "columnNumber": 1328,
         "functionName": "",
         "lineNumber": 0,
         "scriptId": "9",
         "url": "https://cdn.cookielaw.org/scripttemplates/otSDKStub.js"
      }, {
         "columnNumber": 298,
         "functionName": "",
         "lineNumber": 0,
         "scriptId": "9",
         "url": "https://cdn.cookielaw.org/scripttemplates/otSDKStub.js"
      }, {
         "columnNumber": 49,
         "functionName": "e",
         "lineNumber": 0,
         "scriptId": "9",
         "url": "https://cdn.cookielaw.org/scripttemplates/otSDKStub.js"
      }, {
         "columnNumber": 22043,
         "functionName": "S.addBannerSDKScript",
         "lineNumber": 0,
         "scriptId": "9",
         "url": "https://cdn.cookielaw.org/scripttemplates/otSDKStub.js"
      }, {
         "columnNumber": 12384,
         "functionName": "S.geoLocationJsonCallback",
         "lineNumber": 0,
         "scriptId": "9",
         "url": "https://cdn.cookielaw.org/scripttemplates/otSDKStub.js"
      }, {
         "columnNumber": 13582,
         "functionName": "r.onload",
         "lineNumber": 0,
         "scriptId": "9",
         "url": "https://cdn.cookielaw.org/scripttemplates/otSDKStub.js"
      } ]
   }
}
[1789275104.533][DEBUG]: DevTools WebSocket Event: Page.frameRequestedNavigation (session_id=ADD01671FB081D75F474B44D4C57A6D0) 8D801F2DEA53EC3F5B3A16235CEB322A {
   "disposition": "currentTab",
   "frameId": "3748561E22D6C3E5AE0ED730E2B35305",
   "reason": "initialFrameNavigation",
   "url": "about:blank"
}
[1789275104.533][DEBUG]: DevTools WebSocket Event: Page.frameNavigated (session_id=ADD01671FB081D75F474B44D4C57A6D0) 8D801F2DEA53EC3F5B3A16235CEB322A {
   "frame": {
      "adFrameStatus": {
         "adFrameType": "none",
         "explanations": [  ]
      },
      "crossOriginIsolatedContextType": "NotIsolated",
      "domainAndRegistry": "",
      "gatedAPIFeatures": [  ],
      "id": "3748561E22D6C3E5AE0ED730E2B35305",
      "loaderId": "3755A673935E06759C748F30F2F7B651",
      "mimeType": "text/html",
      "name": "__tcfapiLocator",
      "parentId": "8D801F2DEA53EC3F5B3A16235CEB322A",
      "secureContextType": "Secure",
      "securityOrigin": "://",
      "securityOriginDetails": {
         "isLocalhost": false
      },
      "url": "about:blank"
   },
   "type": "Navigation"
}
[1789275104.533][DEBUG]: DevTools WebSocket Event: Page.frameStartedLoading (session_id=ADD01671FB081D75F474B44D4C57A6D0) 8D801F2DEA53EC3F5B3A16235CEB322A {
   "frameId": "3748561E22D6C3E5AE0ED730E2B35305"
}
[1789275104.535][DEBUG]: DevTools WebSocket Event: Runtime.executionContextCreated (session_id=ADD01671FB081D75F474B44D4C57A6D0) 8D801F2DEA53EC3F5B3A16235CEB322A {
   "context": {
      "auxData": {
         "frameId": "3748561E22D6C3E5AE0ED730E2B35305",
         "isDefault": true,
         "type": "default"
      },
      "id": 4,
      "name": "",
      "origin": "https://www.betexplorer.com",
      "uniqueId": "5175527537297093259.-2840633132711911610"
   }
}
[1789275104.536][DEBUG]: DevTools WebSocket Event: Page.frameStoppedLoading (session_id=ADD01671FB081D75F474B44D4C57A6D0) 8D801F2DEA53EC3F5B3A16235CEB322A {
   "frameId": "3748561E22D6C3E5AE0ED730E2B35305"
}
[1789275104.642][DEBUG]: DevTools WebSocket Event: Page.frameAttached (session_id=ADD01671FB081D75F474B44D4C57A6D0) 8D801F2DEA53EC3F5B3A16235CEB322A {
   "frameId": "B970F05A3A2506433EF5B2A944DF96D5",
   "parentFrameId": "8D801F2DEA53EC3F5B3A16235CEB322A"
}
[1789275104.642][DEBUG]: DevTools WebSocket Event: Page.frameRequestedNavigation (session_id=ADD01671FB081D75F474B44D4C57A6D0) 8D801F2DEA53EC3F5B3A16235CEB322A {
   "disposition": "currentTab",
   "frameId": "B970F05A3A2506433EF5B2A944DF96D5",
   "reason": "initialFrameNavigation",
   "url": "about:blank"
}
[1789275104.642][DEBUG]: DevTools WebSocket Event: Page.frameNavigated (session_id=ADD01671FB081D75F474B44D4C57A6D0) 8D801F2DEA53EC3F5B3A16235CEB322A {
   "frame": {
      "adFrameStatus": {
         "adFrameType": "none",
         "explanations": [  ]
      },
      "crossOriginIsolatedContextType": "NotIsolated",
      "domainAndRegistry": "",
      "gatedAPIFeatures": [  ],
      "id": "B970F05A3A2506433EF5B2A944DF96D5",
      "loaderId": "C7C39DFCDABD95572008F3BC1A4E55E6",
      "mimeType": "text/html",
      "name": "banx-rs1_tablet",
      "parentId": "8D801F2DEA53EC3F5B3A16235CEB322A",
      "secureContextType": "Secure",
      "securityOrigin": "://",
      "securityOriginDetails": {
         "isLocalhost": false
      },
      "url": "about:blank"
   },
   "type": "Navigation"
}
[1789275104.642][DEBUG]: DevTools WebSocket Event: Page.frameStartedLoading (session_id=ADD01671FB081D75F474B44D4C57A6D0) 8D801F2DEA53EC3F5B3A16235CEB322A {
   "frameId": "B970F05A3A2506433EF5B2A944DF96D5"
}
[1789275104.648][DEBUG]: DevTools WebSocket Event: Runtime.executionContextCreated (session_id=ADD01671FB081D75F474B44D4C57A6D0) 8D801F2DEA53EC3F5B3A16235CEB322A {
   "context": {
      "auxData": {
         "frameId": "B970F05A3A2506433EF5B2A944DF96D5",
         "isDefault": true,
         "type": "default"
      },
      "id": 5,
      "name": "",
      "origin": "https://www.betexplorer.com",
      "uniqueId": "8916373162891295087.-1909065344528346120"
   }
}
[1789275104.648][DEBUG]: DevTools WebSocket Event: Page.frameStoppedLoading (session_id=ADD01671FB081D75F474B44D4C57A6D0) 8D801F2DEA53EC3F5B3A16235CEB322A {
   "frameId": "B970F05A3A2506433EF5B2A944DF96D5"
}
[1789275104.653][DEBUG]: DevTools WebSocket Event: Page.frameAttached (session_id=ADD01671FB081D75F474B44D4C57A6D0) 8D801F2DEA53EC3F5B3A16235CEB322A {
   "frameId": "30BFF3B74CA3022221CD3AA1479683F0",
   "parentFrameId": "8D801F2DEA53EC3F5B3A16235CEB322A"
}
[1789275104.655][DEBUG]: DevTools WebSocket Event: Page.frameRequestedNavigation (session_id=ADD01671FB081D75F474B44D4C57A6D0) 8D801F2DEA53EC3F5B3A16235CEB322A {
   "disposition": "currentTab",
   "frameId": "30BFF3B74CA3022221CD3AA1479683F0",
   "reason": "initialFrameNavigation",
   "url": "about:blank"
}
[1789275104.655][DEBUG]: DevTools WebSocket Event: Page.frameNavigated (session_id=ADD01671FB081D75F474B44D4C57A6D0) 8D801F2DEA53EC3F5B3A16235CEB322A {
   "frame": {
      "adFrameStatus": {
         "adFrameType": "none",
         "explanations": [  ]
      },
      "crossOriginIsolatedContextType": "NotIsolated",
      "domainAndRegistry": "",
      "gatedAPIFeatures": [  ],
      "id": "30BFF3B74CA3022221CD3AA1479683F0",
      "loaderId": "CA2C8FC8979FA8795B40B6D9D80D1E7A",
      "mimeType": "text/html",
      "name": "banx-rs1_mobile",
      "parentId": "8D801F2DEA53EC3F5B3A16235CEB322A",
      "secureContextType": "Secure",
      "securityOrigin": "://",
      "securityOriginDetails": {
         "isLocalhost": false
      },
      "url": "about:blank"
   },
   "type": "Navigation"
}
[1789275104.655][DEBUG]: DevTools WebSocket Event: Page.frameStartedLoading (session_id=ADD01671FB081D75F474B44D4C57A6D0) 8D801F2DEA53EC3F5B3A16235CEB322A {
   "frameId": "30BFF3B74CA3022221CD3AA1479683F0"
}
[1789275104.655][DEBUG]: DevTools WebSocket Event: Runtime.executionContextCreated (session_id=ADD01671FB081D75F474B44D4C57A6D0) 8D801F2DEA53EC3F5B3A16235CEB322A {
   "context": {
      "auxData": {
         "frameId": "30BFF3B74CA3022221CD3AA1479683F0",
         "isDefault": true,
         "type": "default"
      },
      "id": 6,
      "name": "",
      "origin": "https://www.betexplorer.com",
      "uniqueId": "5670205349878493984.-5852646399097733675"
   }
}
[1789275104.656][DEBUG]: DevTools WebSocket Event: Page.frameStoppedLoading (session_id=ADD01671FB081D75F474B44D4C57A6D0) 8D801F2DEA53EC3F5B3A16235CEB322A {
   "frameId": "30BFF3B74CA3022221CD3AA1479683F0"
}
[1789275104.659][DEBUG]: DevTools WebSocket Event: Page.frameAttached (session_id=ADD01671FB081D75F474B44D4C57A6D0) 8D801F2DEA53EC3F5B3A16235CEB322A {
   "frameId": "614EF42BB45D36062BD27B1032FA6732",
   "parentFrameId": "8D801F2DEA53EC3F5B3A16235CEB322A"
}
[1789275104.661][DEBUG]: DevTools WebSocket Event: Page.frameRequestedNavigation (session_id=ADD01671FB081D75F474B44D4C57A6D0) 8D801F2DEA53EC3F5B3A16235CEB322A {
   "disposition": "currentTab",
   "frameId": "614EF42BB45D36062BD27B1032FA6732",
   "reason": "initialFrameNavigation",
   "url": "about:blank"
}
[1789275104.661][DEBUG]: DevTools WebSocket Event: Page.frameNavigated (session_id=ADD01671FB081D75F474B44D4C57A6D0) 8D801F2DEA53EC3F5B3A16235CEB322A {
   "frame": {
      "adFrameStatus": {
         "adFrameType": "none",
         "explanations": [  ]
      },
      "crossOriginIsolatedContextType": "NotIsolated",
      "domainAndRegistry": "",
      "gatedAPIFeatures": [  ],
      "id": "614EF42BB45D36062BD27B1032FA6732",
      "loaderId": "94CDFC3B30B21BA585B97FFD69179767",
      "mimeType": "text/html",
      "name": "banx-rs2_tablet",
      "parentId": "8D801F2DEA53EC3F5B3A16235CEB322A",
      "secureContextType": "Secure",
      "securityOrigin": "://",
      "securityOriginDetails": {
         "isLocalhost": false
      },
      "url": "about:blank"
   },
   "type": "Navigation"
}
[1789275104.661][DEBUG]: DevTools WebSocket Event: Page.frameStartedLoading (session_id=ADD01671FB081D75F474B44D4C57A6D0) 8D801F2DEA53EC3F5B3A16235CEB322A {
   "frameId": "614EF42BB45D36062BD27B1032FA6732"
}
[1789275104.667][DEBUG]: DevTools WebSocket Event: Runtime.executionContextCreated (session_id=ADD01671FB081D75F474B44D4C57A6D0) 8D801F2DEA53EC3F5B3A16235CEB322A {
   "context": {
      "auxData": {
         "frameId": "614EF42BB45D36062BD27B1032FA6732",
         "isDefault": true,
         "type": "default"
      },
      "id": 7,
      "name": "",
      "origin": "https://www.betexplorer.com",
      "uniqueId": "-1966464200883396811.1846580778112586467"
   }
}
[1789275104.667][DEBUG]: DevTools WebSocket Event: Page.frameStoppedLoading (session_id=ADD01671FB081D75F474B44D4C57A6D0) 8D801F2DEA53EC3F5B3A16235CEB322A {
   "frameId": "614EF42BB45D36062BD27B1032FA6732"
}
[1789275104.671][DEBUG]: DevTools WebSocket Event: Page.frameAttached (session_id=ADD01671FB081D75F474B44D4C57A6D0) 8D801F2DEA53EC3F5B3A16235CEB322A {
   "frameId": "3FFD34640E89ABFB61FE8AB40FD4B7AC",
   "parentFrameId": "8D801F2DEA53EC3F5B3A16235CEB322A"
}
[1789275104.671][DEBUG]: DevTools WebSocket Event: Page.frameRequestedNavigation (session_id=ADD01671FB081D75F474B44D4C57A6D0) 8D801F2DEA53EC3F5B3A16235CEB322A {
   "disposition": "currentTab",
   "frameId": "3FFD34640E89ABFB61FE8AB40FD4B7AC",
   "reason": "initialFrameNavigation",
   "url": "about:blank"
}
[1789275104.671][DEBUG]: DevTools WebSocket Event: Page.frameNavigated (session_id=ADD01671FB081D75F474B44D4C57A6D0) 8D801F2DEA53EC3F5B3A16235CEB322A {
   "frame": {
      "adFrameStatus": {
         "adFrameType": "none",
         "explanations": [  ]
      },
      "crossOriginIsolatedContextType": "NotIsolated",
      "domainAndRegistry": "",
      "gatedAPIFeatures": [  ],
      "id": "3FFD34640E89ABFB61FE8AB40FD4B7AC",
      "loaderId": "634E7EF6BA0665F5E560FC75F95149B6",
      "mimeType": "text/html",
      "name": "banx-rs2_mobile",
      "parentId": "8D801F2DEA53EC3F5B3A16235CEB322A",
      "secureContextType": "Secure",
      "securityOrigin": "://",
      "securityOriginDetails": {
         "isLocalhost": false
      },
      "url": "about:blank"
   },
   "type": "Navigation"
}
[1789275104.671][DEBUG]: DevTools WebSocket Event: Page.frameStartedLoading (session_id=ADD01671FB081D75F474B44D4C57A6D0) 8D801F2DEA53EC3F5B3A16235CEB322A {
   "frameId": "3FFD34640E89ABFB61FE8AB40FD4B7AC"
}
[1789275104.673][DEBUG]: DevTools WebSocket Event: Runtime.executionContextCreated (session_id=ADD01671FB081D75F474B44D4C57A6D0) 8D801F2DEA53EC3F5B3A16235CEB322A {
   "context": {
      "auxData": {
         "frameId": "3FFD34640E89ABFB61FE8AB40FD4B7AC",
         "isDefault": true,
         "type": "default"
      },
      "id": 8,
      "name": "",
      "origin": "https://www.betexplorer.com",
      "uniqueId": "-6508889664461411390.52299954118821965"
   }
}
[1789275104.674][DEBUG]: DevTools WebSocket Event: Page.frameStoppedLoading (session_id=ADD01671FB081D75F474B44D4C57A6D0) 8D801F2DEA53EC3F5B3A16235CEB322A {
   "frameId": "3FFD34640E89ABFB61FE8AB40FD4B7AC"
}
[1789275104.678][DEBUG]: DevTools WebSocket Event: Page.frameAttached (session_id=ADD01671FB081D75F474B44D4C57A6D0) 8D801F2DEA53EC3F5B3A16235CEB322A {
   "frameId": "C050BF1F1767480E35926BC9B6D17248",
   "parentFrameId": "8D801F2DEA53EC3F5B3A16235CEB322A"
}
[1789275104.679][DEBUG]: DevTools WebSocket Event: Page.frameRequestedNavigation (session_id=ADD01671FB081D75F474B44D4C57A6D0) 8D801F2DEA53EC3F5B3A16235CEB322A {
   "disposition": "currentTab",
   "frameId": "C050BF1F1767480E35926BC9B6D17248",
   "reason": "initialFrameNavigation",
   "url": "about:blank"
}
[1789275104.679][DEBUG]: DevTools WebSocket Event: Page.frameNavigated (session_id=ADD01671FB081D75F474B44D4C57A6D0) 8D801F2DEA53EC3F5B3A16235CEB322A {
   "frame": {
      "adFrameStatus": {
         "adFrameType": "none",
         "explanations": [  ]
      },
      "crossOriginIsolatedContextType": "NotIsolated",
      "domainAndRegistry": "",
      "gatedAPIFeatures": [  ],
      "id": "C050BF1F1767480E35926BC9B6D17248",
      "loaderId": "C7C30B0DB96F50D51AE2ABE4F3DA5AAC",
      "mimeType": "text/html",
      "name": "banx-under_desktop",
      "parentId": "8D801F2DEA53EC3F5B3A16235CEB322A",
      "secureContextType": "Secure",
      "securityOrigin": "://",
      "securityOriginDetails": {
         "isLocalhost": false
      },
      "url": "about:blank"
   },
   "type": "Navigation"
}
[1789275104.679][DEBUG]: DevTools WebSocket Event: Page.frameStartedLoading (session_id=ADD01671FB081D75F474B44D4C57A6D0) 8D801F2DEA53EC3F5B3A16235CEB322A {
   "frameId": "C050BF1F1767480E35926BC9B6D17248"
}
[1789275104.685][DEBUG]: DevTools WebSocket Event: Runtime.executionContextCreated (session_id=ADD01671FB081D75F474B44D4C57A6D0) 8D801F2DEA53EC3F5B3A16235CEB322A {
   "context": {
      "auxData": {
         "frameId": "C050BF1F1767480E35926BC9B6D17248",
         "isDefault": true,
         "type": "default"
      },
      "id": 9,
      "name": "",
      "origin": "https://www.betexplorer.com",
      "uniqueId": "1295602232176292806.6920924085439239224"
   }
}
[1789275104.685][DEBUG]: DevTools WebSocket Event: Page.frameStoppedLoading (session_id=ADD01671FB081D75F474B44D4C57A6D0) 8D801F2DEA53EC3F5B3A16235CEB322A {
   "frameId": "C050BF1F1767480E35926BC9B6D17248"
}
[1789275104.685][DEBUG]: DevTools WebSocket Event: Page.frameAttached (session_id=ADD01671FB081D75F474B44D4C57A6D0) 8D801F2DEA53EC3F5B3A16235CEB322A {
   "frameId": "272218A72641F196E065C90ABF079048",
   "parentFrameId": "8D801F2DEA53EC3F5B3A16235CEB322A"
}
[1789275104.688][DEBUG]: DevTools WebSocket Event: Page.frameRequestedNavigation (session_id=ADD01671FB081D75F474B44D4C57A6D0) 8D801F2DEA53EC3F5B3A16235CEB322A {
   "disposition": "currentTab",
   "frameId": "272218A72641F196E065C90ABF079048",
   "reason": "initialFrameNavigation",
   "url": "about:blank"
}
[1789275104.688][DEBUG]: DevTools WebSocket Event: Page.frameNavigated (session_id=ADD01671FB081D75F474B44D4C57A6D0) 8D801F2DEA53EC3F5B3A16235CEB322A {
   "frame": {
      "adFrameStatus": {
         "adFrameType": "none",
         "explanations": [  ]
      },
      "crossOriginIsolatedContextType": "NotIsolated",
      "domainAndRegistry": "",
      "gatedAPIFeatures": [  ],
      "id": "272218A72641F196E065C90ABF079048",
      "loaderId": "BF73E2E312DE52B5677EA3CFE0D24A90",
      "mimeType": "text/html",
      "name": "banx-under_tablet",
      "parentId": "8D801F2DEA53EC3F5B3A16235CEB322A",
      "secureContextType": "Secure",
      "securityOrigin": "://",
      "securityOriginDetails": {
         "isLocalhost": false
      },
      "url": "about:blank"
   },
   "type": "Navigation"
}
[1789275104.688][DEBUG]: DevTools WebSocket Event: Page.frameStartedLoading (session_id=ADD01671FB081D75F474B44D4C57A6D0) 8D801F2DEA53EC3F5B3A16235CEB322A {
   "frameId": "272218A72641F196E065C90ABF079048"
}
[1789275104.693][DEBUG]: DevTools WebSocket Event: Runtime.executionContextCreated (session_id=ADD01671FB081D75F474B44D4C57A6D0) 8D801F2DEA53EC3F5B3A16235CEB322A {
   "context": {
      "auxData": {
         "frameId": "272218A72641F196E065C90ABF079048",
         "isDefault": true,
         "type": "default"
      },
      "id": 10,
      "name": "",
      "origin": "https://www.betexplorer.com",
      "uniqueId": "6217419822643651181.2122580658445123865"
   }
}
[1789275104.693][DEBUG]: DevTools WebSocket Event: Page.frameStoppedLoading (session_id=ADD01671FB081D75F474B44D4C57A6D0) 8D801F2DEA53EC3F5B3A16235CEB322A {
   "frameId": "272218A72641F196E065C90ABF079048"
}
[1789275105.066][DEBUG]: DevTools WebSocket Response: Runtime.evaluate (id=16) (session_id=ADD01671FB081D75F474B44D4C57A6D0) 8D801F2DEA53EC3F5B3A16235CEB322A {
   "result": {
      "description": "1",
      "type": "number",
      "value": 1
   }
}
[1789275105.078][DEBUG]: DevTools WebSocket Event: Page.frameAttached (session_id=ADD01671FB081D75F474B44D4C57A6D0) 8D801F2DEA53EC3F5B3A16235CEB322A {
   "frameId": "76C7A8888763BADB463AC0F37DDD5727",
   "parentFrameId": "8D801F2DEA53EC3F5B3A16235CEB322A"
}
[1789275105.078][DEBUG]: DevTools WebSocket Command: Runtime.evaluate (id=17) (session_id=ADD01671FB081D75F474B44D4C57A6D0) 8D801F2DEA53EC3F5B3A16235CEB322A {
   "expression": "1"
}
[1789275105.082][DEBUG]: DevTools WebSocket Event: Page.frameRequestedNavigation (session_id=ADD01671FB081D75F474B44D4C57A6D0) 8D801F2DEA53EC3F5B3A16235CEB322A {
   "disposition": "currentTab",
   "frameId": "76C7A8888763BADB463AC0F37DDD5727",
   "reason": "initialFrameNavigation",
   "url": "about:blank"
}
[1789275105.083][DEBUG]: DevTools WebSocket Event: Page.frameNavigated (session_id=ADD01671FB081D75F474B44D4C57A6D0) 8D801F2DEA53EC3F5B3A16235CEB322A {
   "frame": {
      "adFrameStatus": {
         "adFrameType": "none",
         "explanations": [  ]
      },
      "crossOriginIsolatedContextType": "NotIsolated",
      "domainAndRegistry": "",
      "gatedAPIFeatures": [  ],
      "id": "76C7A8888763BADB463AC0F37DDD5727",
      "loaderId": "1361EEC9C8BCABB8C64F6149565CA0DE",
      "mimeType": "text/html",
      "name": "banx-rs1_desktop",
      "parentId": "8D801F2DEA53EC3F5B3A16235CEB322A",
      "secureContextType": "Secure",
      "securityOrigin": "://",
      "securityOriginDetails": {
         "isLocalhost": false
      },
      "url": "about:blank"
   },
   "type": "Navigation"
}
[1789275105.083][DEBUG]: DevTools WebSocket Event: Page.frameStartedLoading (session_id=ADD01671FB081D75F474B44D4C57A6D0) 8D801F2DEA53EC3F5B3A16235CEB322A {
   "frameId": "76C7A8888763BADB463AC0F37DDD5727"
}
[1789275105.084][DEBUG]: DevTools WebSocket Event: Runtime.executionContextCreated (session_id=ADD01671FB081D75F474B44D4C57A6D0) 8D801F2DEA53EC3F5B3A16235CEB322A {
   "context": {
      "auxData": {
         "frameId": "76C7A8888763BADB463AC0F37DDD5727",
         "isDefault": true,
         "type": "default"
      },
      "id": 11,
      "name": "",
      "origin": "https://www.betexplorer.com",
      "uniqueId": "-6216298974235020290.923878060041088819"
   }
}
[1789275105.084][DEBUG]: DevTools WebSocket Event: Page.frameStoppedLoading (session_id=ADD01671FB081D75F474B44D4C57A6D0) 8D801F2DEA53EC3F5B3A16235CEB322A {
   "frameId": "76C7A8888763BADB463AC0F37DDD5727"
}
[1789275105.085][DEBUG]: DevTools WebSocket Event: Page.frameAttached (session_id=ADD01671FB081D75F474B44D4C57A6D0) 8D801F2DEA53EC3F5B3A16235CEB322A {
   "frameId": "AB71F8BF4215F5D87A8AA180E90B2012",
   "parentFrameId": "8D801F2DEA53EC3F5B3A16235CEB322A"
}
[1789275105.086][DEBUG]: DevTools WebSocket Event: Page.frameRequestedNavigation (session_id=ADD01671FB081D75F474B44D4C57A6D0) 8D801F2DEA53EC3F5B3A16235CEB322A {
   "disposition": "currentTab",
   "frameId": "AB71F8BF4215F5D87A8AA180E90B2012",
   "reason": "initialFrameNavigation",
   "url": "about:blank"
}
[1789275105.086][DEBUG]: DevTools WebSocket Event: Page.frameNavigated (session_id=ADD01671FB081D75F474B44D4C57A6D0) 8D801F2DEA53EC3F5B3A16235CEB322A {
   "frame": {
      "adFrameStatus": {
         "adFrameType": "none",
         "explanations": [  ]
      },
      "crossOriginIsolatedContextType": "NotIsolated",
      "domainAndRegistry": "",
      "gatedAPIFeatures": [  ],
      "id": "AB71F8BF4215F5D87A8AA180E90B2012",
      "loaderId": "97D459863E7A4A004771B15E7D38AE02",
      "mimeType": "text/html",
      "name": "banx-rs2_desktop",
      "parentId": "8D801F2DEA53EC3F5B3A16235CEB322A",
      "secureContextType": "Secure",
      "securityOrigin": "://",
      "securityOriginDetails": {
         "isLocalhost": false
      },
      "url": "about:blank"
   },
   "type": "Navigation"
}
[1789275105.087][DEBUG]: DevTools WebSocket Event: Page.frameStartedLoading (session_id=ADD01671FB081D75F474B44D4C57A6D0) 8D801F2DEA53EC3F5B3A16235CEB322A {
   "frameId": "AB71F8BF4215F5D87A8AA180E90B2012"
}
[1789275105.091][DEBUG]: DevTools WebSocket Event: Runtime.executionContextCreated (session_id=ADD01671FB081D75F474B44D4C57A6D0) 8D801F2DEA53EC3F5B3A16235CEB322A {
   "context": {
      "auxData": {
         "frameId": "AB71F8BF4215F5D87A8AA180E90B2012",
         "isDefault": true,
         "type": "default"
      },
      "id": 12,
      "name": "",
      "origin": "https://www.betexplorer.com",
      "uniqueId": "2418391169641176673.-593749774616305454"
   }
}
[1789275105.091][DEBUG]: DevTools WebSocket Event: Page.frameStoppedLoading (session_id=ADD01671FB081D75F474B44D4C57A6D0) 8D801F2DEA53EC3F5B3A16235CEB322A {
   "frameId": "AB71F8BF4215F5D87A8AA180E90B2012"
}
[1789275105.151][DEBUG]: DevTools WebSocket Response: Runtime.evaluate (id=17) (session_id=ADD01671FB081D75F474B44D4C57A6D0) 8D801F2DEA53EC3F5B3A16235CEB322A {
   "result": {
      "description": "1",
      "type": "number",
      "value": 1
   }
}
[1789275105.231][DEBUG]: DevTools WebSocket Event: Page.frameScheduledNavigation (session_id=ADD01671FB081D75F474B44D4C57A6D0) 8D801F2DEA53EC3F5B3A16235CEB322A {
   "delay": 0,
   "frameId": "8D801F2DEA53EC3F5B3A16235CEB322A",
   "reason": "reload",
   "url": "https://www.betexplorer.com/football/results/?year=2026&month=09&day=13"
}
[1789275105.231][DEBUG]: DevTools WebSocket Command: Runtime.evaluate (id=18) (session_id=ADD01671FB081D75F474B44D4C57A6D0) 8D801F2DEA53EC3F5B3A16235CEB322A {
   "expression": "1"
}
[1789275105.234][DEBUG]: DevTools WebSocket Event: Page.frameRequestedNavigation (session_id=ADD01671FB081D75F474B44D4C57A6D0) 8D801F2DEA53EC3F5B3A16235CEB322A {
   "disposition": "currentTab",
   "frameId": "8D801F2DEA53EC3F5B3A16235CEB322A",
   "reason": "reload",
   "url": "https://www.betexplorer.com/football/results/?year=2026&month=09&day=13"
}
[1789275105.238][DEBUG]: DevTools WebSocket Event: Page.frameStartedNavigating (session_id=ADD01671FB081D75F474B44D4C57A6D0) 8D801F2DEA53EC3F5B3A16235CEB322A {
   "frameId": "8D801F2DEA53EC3F5B3A16235CEB322A",
   "loaderId": "7F4FEA04AA0D0C30E6E57FB8E1481993",
   "navigationType": "reload",
   "url": "https://www.betexplorer.com/football/results/?year=2026&month=09&day=13"
}
[1789275105.238][DEBUG]: DevTools WebSocket Event: Page.frameStartedLoading (session_id=ADD01671FB081D75F474B44D4C57A6D0) 8D801F2DEA53EC3F5B3A16235CEB322A {
   "frameId": "8D801F2DEA53EC3F5B3A16235CEB322A"
}
[1789275105.243][DEBUG]: DevTools WebSocket Event: Page.frameClearedScheduledNavigation (session_id=ADD01671FB081D75F474B44D4C57A6D0) 8D801F2DEA53EC3F5B3A16235CEB322A {
   "frameId": "8D801F2DEA53EC3F5B3A16235CEB322A"
}
[1789275105.266][DEBUG]: DevTools WebSocket Event: Page.domContentEventFired (session_id=ADD01671FB081D75F474B44D4C57A6D0) 8D801F2DEA53EC3F5B3A16235CEB322A {
   "timestamp": 2351.938763
}
[1789275105.266][DEBUG]: DevTools WebSocket Event: Log.entryAdded (session_id=ADD01671FB081D75F474B44D4C57A6D0) 8D801F2DEA53EC3F5B3A16235CEB322A {
   "entry": {
      "args": [ {
         "className": "HTMLInputElement",
         "description": "input#login_pass.input",
         "objectId": "1920924569108017119.1.1",
         "subtype": "node",
         "type": "object"
      } ],
      "level": "verbose",
      "source": "recommendation",
      "text": "[DOM] Input elements should have autocomplete attributes (suggested: \"current-password\"): (More info: https://goo.gl/9p2vKq) %o",
      "timestamp": 1.789275105263353e+12,
      "url": "https://www.betexplorer.com/football/results/?year=2026&month=09&day=13"
   }
}
[19997:19997:0913/045145.267343:INFO:CONSOLE:0] "[DOM] Input elements should have autocomplete attributes (suggested: "current-password"): (More info: https://goo.gl/9p2vKq) %o", source: https://www.betexplorer.com/football/results/?year=2026&month=09&day=13 (0)
[1789275105.734][DEBUG]: DevTools WebSocket Event: Page.frameSubtreeWillBeDetached (session_id=ADD01671FB081D75F474B44D4C57A6D0) 8D801F2DEA53EC3F5B3A16235CEB322A {
   "frameId": "B970F05A3A2506433EF5B2A944DF96D5"
}
[1789275105.741][DEBUG]: DevTools WebSocket Event: Page.frameDetached (session_id=ADD01671FB081D75F474B44D4C57A6D0) 8D801F2DEA53EC3F5B3A16235CEB322A {
   "frameId": "B970F05A3A2506433EF5B2A944DF96D5",
   "reason": "remove"
}
[1789275105.743][DEBUG]: DevTools WebSocket Event: Runtime.executionContextDestroyed (session_id=ADD01671FB081D75F474B44D4C57A6D0) 8D801F2DEA53EC3F5B3A16235CEB322A {
   "executionContextId": 5,
   "executionContextUniqueId": "8916373162891295087.-1909065344528346120"
}
[1789275105.743][DEBUG]: DevTools WebSocket Event: Page.frameAttached (session_id=ADD01671FB081D75F474B44D4C57A6D0) 8D801F2DEA53EC3F5B3A16235CEB322A {
   "frameId": "150F1918CD83B236B0599E8DA0AA0768",
   "parentFrameId": "8D801F2DEA53EC3F5B3A16235CEB322A",
   "stack": {
      "callFrames": [ {
         "columnNumber": 20730,
         "functionName": "",
         "lineNumber": 3,
         "scriptId": "12",
         "url": "https://www.betexplorer.com/res/js/libs/jquery-1.11.3.min.js?serial=2608290548"
      }, {
         "columnNumber": 22915,
         "functionName": "domManip",
         "lineNumber": 3,
         "scriptId": "12",
         "url": "https://www.betexplorer.com/res/js/libs/jquery-1.11.3.min.js?serial=2608290548"
      }, {
         "columnNumber": 20619,
         "functionName": "append",
         "lineNumber": 3,
         "scriptId": "12",
         "url": "https://www.betexplorer.com/res/js/libs/jquery-1.11.3.min.js?serial=2608290548"
      }, {
         "columnNumber": 23433,
         "functionName": "m.fn.\u003Ccomputed>",
         "lineNumber": 3,
         "scriptId": "12",
         "url": "https://www.betexplorer.com/res/js/libs/jquery-1.11.3.min.js?serial=2608290548"
      }, {
         "columnNumber": 129529,
         "functionName": "",
         "lineNumber": 15,
         "scriptId": "14",
         "url": "https://www.betexplorer.com/res/js/all.min.js?serial=2608290548"
      }, {
         "columnNumber": 2974,
         "functionName": "each",
         "lineNumber": 1,
         "scriptId": "12",
         "url": "https://www.betexplorer.com/res/js/libs/jquery-1.11.3.min.js?serial=2608290548"
      }, {
         "columnNumber": 834,
         "functionName": "each",
         "lineNumber": 1,
         "scriptId": "12",
         "url": "https://www.betexplorer.com/res/js/libs/jquery-1.11.3.min.js?serial=2608290548"
      }, {
         "columnNumber": 129505,
         "functionName": "",
         "lineNumber": 15,
         "scriptId": "14",
         "url": "https://www.betexplorer.com/res/js/all.min.js?serial=2608290548"
      }, {
         "columnNumber": 2974,
         "functionName": "each",
         "lineNumber": 1,
         "scriptId": "12",
         "url": "https://www.betexplorer.com/res/js/libs/jquery-1.11.3.min.js?serial=2608290548"
      }, {
         "columnNumber": 834,
         "functionName": "each",
         "lineNumber": 1,
         "scriptId": "12",
         "url": "https://www.betexplorer.com/res/js/libs/jquery-1.11.3.min.js?serial=2608290548"
      }, {
         "columnNumber": 129422,
         "functionName": "nr_add_banners_space",
         "lineNumber": 15,
         "scriptId": "14",
         "url": "https://www.betexplorer.com/res/js/all.min.js?serial=2608290548"
      }, {
         "columnNumber": 115021,
         "functionName": "success",
         "lineNumber": 15,
         "scriptId": "14",
         "url": "https://www.betexplorer.com/res/js/all.min.js?serial=2608290548"
      }, {
         "columnNumber": 27308,
         "functionName": "j",
         "lineNumber": 1,
         "scriptId": "12",
         "url": "https://www.betexplorer.com/res/js/libs/jquery-1.11.3.min.js?serial=2608290548"
      }, {
         "columnNumber": 28121,
         "functionName": "fireWith",
         "lineNumber": 1,
         "scriptId": "12",
         "url": "https://www.betexplorer.com/res/js/libs/jquery-1.11.3.min.js?serial=2608290548"
      }, {
         "columnNumber": 22110,
         "functionName": "x",
         "lineNumber": 4,
         "scriptId": "12",
         "url": "https://www.betexplorer.com/res/js/libs/jquery-1.11.3.min.js?serial=2608290548"
      }, {
         "columnNumber": 26029,
         "functionName": "b",
         "lineNumber": 4,
         "scriptId": "12",
         "url": "https://www.betexplorer.com/res/js/libs/jquery-1.11.3.min.js?serial=2608290548"
      } ]
   }
}
[1789275105.743][DEBUG]: DevTools WebSocket Event: Page.frameRequestedNavigation (session_id=ADD01671FB081D75F474B44D4C57A6D0) 8D801F2DEA53EC3F5B3A16235CEB322A {
   "disposition": "currentTab",
   "frameId": "150F1918CD83B236B0599E8DA0AA0768",
   "reason": "initialFrameNavigation",
   "url": "about:blank"
}
[1789275105.744][DEBUG]: DevTools WebSocket Event: Page.frameNavigated (session_id=ADD01671FB081D75F474B44D4C57A6D0) 8D801F2DEA53EC3F5B3A16235CEB322A {
   "frame": {
      "adFrameStatus": {
         "adFrameType": "none",
         "explanations": [  ]
      },
      "crossOriginIsolatedContextType": "NotIsolated",
      "domainAndRegistry": "",
      "gatedAPIFeatures": [  ],
      "id": "150F1918CD83B236B0599E8DA0AA0768",
      "loaderId": "40724D8DADB9DBD14E2EF572DF39B694",
      "mimeType": "text/html",
      "name": "banx-rs1_tablet",
      "parentId": "8D801F2DEA53EC3F5B3A16235CEB322A",
      "secureContextType": "Secure",
      "securityOrigin": "://",
      "securityOriginDetails": {
         "isLocalhost": false
      },
      "url": "about:blank"
   },
   "type": "Navigation"
}
[1789275105.744][DEBUG]: DevTools WebSocket Event: Page.frameStartedLoading (session_id=ADD01671FB081D75F474B44D4C57A6D0) 8D801F2DEA53EC3F5B3A16235CEB322A {
   "frameId": "150F1918CD83B236B0599E8DA0AA0768"
}
[1789275105.747][DEBUG]: DevTools WebSocket Event: Runtime.executionContextCreated (session_id=ADD01671FB081D75F474B44D4C57A6D0) 8D801F2DEA53EC3F5B3A16235CEB322A {
   "context": {
      "auxData": {
         "frameId": "150F1918CD83B236B0599E8DA0AA0768",
         "isDefault": true,
         "type": "default"
      },
      "id": 13,
      "name": "",
      "origin": "https://www.betexplorer.com",
      "uniqueId": "-2577981975809532156.1543659645283075678"
   }
}
[1789275105.747][DEBUG]: DevTools WebSocket Event: Page.frameStoppedLoading (session_id=ADD01671FB081D75F474B44D4C57A6D0) 8D801F2DEA53EC3F5B3A16235CEB322A {
   "frameId": "150F1918CD83B236B0599E8DA0AA0768"
}
[1789275105.747][DEBUG]: DevTools WebSocket Event: Page.frameSubtreeWillBeDetached (session_id=ADD01671FB081D75F474B44D4C57A6D0) 8D801F2DEA53EC3F5B3A16235CEB322A {
   "frameId": "30BFF3B74CA3022221CD3AA1479683F0"
}
[1789275105.747][DEBUG]: DevTools WebSocket Event: Page.frameDetached (session_id=ADD01671FB081D75F474B44D4C57A6D0) 8D801F2DEA53EC3F5B3A16235CEB322A {
   "frameId": "30BFF3B74CA3022221CD3AA1479683F0",
   "reason": "remove"
}
[1789275105.748][DEBUG]: DevTools WebSocket Event: Runtime.executionContextDestroyed (session_id=ADD01671FB081D75F474B44D4C57A6D0) 8D801F2DEA53EC3F5B3A16235CEB322A {
   "executionContextId": 6,
   "executionContextUniqueId": "5670205349878493984.-5852646399097733675"
}
[1789275105.748][DEBUG]: DevTools WebSocket Event: Page.frameAttached (session_id=ADD01671FB081D75F474B44D4C57A6D0) 8D801F2DEA53EC3F5B3A16235CEB322A {
   "frameId": "00C6611886C22F7B0BCD214017A75BF5",
   "parentFrameId": "8D801F2DEA53EC3F5B3A16235CEB322A",
   "stack": {
      "callFrames": [ {
         "columnNumber": 20730,
         "functionName": "",
         "lineNumber": 3,
         "scriptId": "12",
         "url": "https://www.betexplorer.com/res/js/libs/jquery-1.11.3.min.js?serial=2608290548"
      }, {
         "columnNumber": 22915,
         "functionName": "domManip",
         "lineNumber": 3,
         "scriptId": "12",
         "url": "https://www.betexplorer.com/res/js/libs/jquery-1.11.3.min.js?serial=2608290548"
      }, {
         "columnNumber": 20619,
         "functionName": "append",
         "lineNumber": 3,
         "scriptId": "12",
         "url": "https://www.betexplorer.com/res/js/libs/jquery-1.11.3.min.js?serial=2608290548"
      }, {
         "columnNumber": 23433,
         "functionName": "m.fn.\u003Ccomputed>",
         "lineNumber": 3,
         "scriptId": "12",
         "url": "https://www.betexplorer.com/res/js/libs/jquery-1.11.3.min.js?serial=2608290548"
      }, {
         "columnNumber": 129529,
         "functionName": "",
         "lineNumber": 15,
         "scriptId": "14",
         "url": "https://www.betexplorer.com/res/js/all.min.js?serial=2608290548"
      }, {
         "columnNumber": 2974,
         "functionName": "each",
         "lineNumber": 1,
         "scriptId": "12",
         "url": "https://www.betexplorer.com/res/js/libs/jquery-1.11.3.min.js?serial=2608290548"
      }, {
         "columnNumber": 834,
         "functionName": "each",
         "lineNumber": 1,
         "scriptId": "12",
         "url": "https://www.betexplorer.com/res/js/libs/jquery-1.11.3.min.js?serial=2608290548"
      }, {
         "columnNumber": 129505,
         "functionName": "",
         "lineNumber": 15,
         "scriptId": "14",
         "url": "https://www.betexplorer.com/res/js/all.min.js?serial=2608290548"
      }, {
         "columnNumber": 2974,
         "functionName": "each",
         "lineNumber": 1,
         "scriptId": "12",
         "url": "https://www.betexplorer.com/res/js/libs/jquery-1.11.3.min.js?serial=2608290548"
      }, {
         "columnNumber": 834,
         "functionName": "each",
         "lineNumber": 1,
         "scriptId": "12",
         "url": "https://www.betexplorer.com/res/js/libs/jquery-1.11.3.min.js?serial=2608290548"
      }, {
         "columnNumber": 129422,
         "functionName": "nr_add_banners_space",
         "lineNumber": 15,
         "scriptId": "14",
         "url": "https://www.betexplorer.com/res/js/all.min.js?serial=2608290548"
      }, {
         "columnNumber": 115021,
         "functionName": "success",
         "lineNumber": 15,
         "scriptId": "14",
         "url": "https://www.betexplorer.com/res/js/all.min.js?serial=2608290548"
      }, {
         "columnNumber": 27308,
         "functionName": "j",
         "lineNumber": 1,
         "scriptId": "12",
         "url": "https://www.betexplorer.com/res/js/libs/jquery-1.11.3.min.js?serial=2608290548"
      }, {
         "columnNumber": 28121,
         "functionName": "fireWith",
         "lineNumber": 1,
         "scriptId": "12",
         "url": "https://www.betexplorer.com/res/js/libs/jquery-1.11.3.min.js?serial=2608290548"
      }, {
         "columnNumber": 22110,
         "functionName": "x",
         "lineNumber": 4,
         "scriptId": "12",
         "url": "https://www.betexplorer.com/res/js/libs/jquery-1.11.3.min.js?serial=2608290548"
      }, {
         "columnNumber": 26029,
         "functionName": "b",
         "lineNumber": 4,
         "scriptId": "12",
         "url": "https://www.betexplorer.com/res/js/libs/jquery-1.11.3.min.js?serial=2608290548"
      } ]
   }
}
[1789275105.748][DEBUG]: DevTools WebSocket Event: Page.frameRequestedNavigation (session_id=ADD01671FB081D75F474B44D4C57A6D0) 8D801F2DEA53EC3F5B3A16235CEB322A {
   "disposition": "currentTab",
   "frameId": "00C6611886C22F7B0BCD214017A75BF5",
   "reason": "initialFrameNavigation",
   "url": "about:blank"
}
[1789275105.748][DEBUG]: DevTools WebSocket Event: Page.frameNavigated (session_id=ADD01671FB081D75F474B44D4C57A6D0) 8D801F2DEA53EC3F5B3A16235CEB322A {
   "frame": {
      "adFrameStatus": {
         "adFrameType": "none",
         "explanations": [  ]
      },
      "crossOriginIsolatedContextType": "NotIsolated",
      "domainAndRegistry": "",
      "gatedAPIFeatures": [  ],
      "id": "00C6611886C22F7B0BCD214017A75BF5",
      "loaderId": "DCFA9A2129976BBC700D0E6319AD2F47",
      "mimeType": "text/html",
      "name": "banx-rs1_mobile",
      "parentId": "8D801F2DEA53EC3F5B3A16235CEB322A",
      "secureContextType": "Secure",
      "securityOrigin": "://",
      "securityOriginDetails": {
         "isLocalhost": false
      },
      "url": "about:blank"
   },
   "type": "Navigation"
}
[1789275105.750][DEBUG]: DevTools WebSocket Event: Page.frameStartedLoading (session_id=ADD01671FB081D75F474B44D4C57A6D0) 8D801F2DEA53EC3F5B3A16235CEB322A {
   "frameId": "00C6611886C22F7B0BCD214017A75BF5"
}
[1789275105.752][DEBUG]: DevTools WebSocket Event: Runtime.executionContextCreated (session_id=ADD01671FB081D75F474B44D4C57A6D0) 8D801F2DEA53EC3F5B3A16235CEB322A {
   "context": {
      "auxData": {
         "frameId": "00C6611886C22F7B0BCD214017A75BF5",
         "isDefault": true,
         "type": "default"
      },
      "id": 14,
      "name": "",
      "origin": "https://www.betexplorer.com",
      "uniqueId": "776288851591866341.-3500032283976192544"
   }
}
[1789275105.752][DEBUG]: DevTools WebSocket Event: Page.frameStoppedLoading (session_id=ADD01671FB081D75F474B44D4C57A6D0) 8D801F2DEA53EC3F5B3A16235CEB322A {
   "frameId": "00C6611886C22F7B0BCD214017A75BF5"
}
[1789275105.752][DEBUG]: DevTools WebSocket Event: Page.frameSubtreeWillBeDetached (session_id=ADD01671FB081D75F474B44D4C57A6D0) 8D801F2DEA53EC3F5B3A16235CEB322A {
   "frameId": "614EF42BB45D36062BD27B1032FA6732"
}
[1789275105.754][DEBUG]: DevTools WebSocket Event: Page.frameDetached (session_id=ADD01671FB081D75F474B44D4C57A6D0) 8D801F2DEA53EC3F5B3A16235CEB322A {
   "frameId": "614EF42BB45D36062BD27B1032FA6732",
   "reason": "remove"
}
[1789275105.754][DEBUG]: DevTools WebSocket Event: Runtime.executionContextDestroyed (session_id=ADD01671FB081D75F474B44D4C57A6D0) 8D801F2DEA53EC3F5B3A16235CEB322A {
   "executionContextId": 7,
   "executionContextUniqueId": "-1966464200883396811.1846580778112586467"
}
[1789275105.754][DEBUG]: DevTools WebSocket Event: Page.frameAttached (session_id=ADD01671FB081D75F474B44D4C57A6D0) 8D801F2DEA53EC3F5B3A16235CEB322A {
   "frameId": "60EA2F7648C607388FF0FC540A3CF564",
   "parentFrameId": "8D801F2DEA53EC3F5B3A16235CEB322A",
   "stack": {
      "callFrames": [ {
         "columnNumber": 20730,
         "functionName": "",
         "lineNumber": 3,
         "scriptId": "12",
         "url": "https://www.betexplorer.com/res/js/libs/jquery-1.11.3.min.js?serial=2608290548"
      }, {
         "columnNumber": 22915,
         "functionName": "domManip",
         "lineNumber": 3,
         "scriptId": "12",
         "url": "https://www.betexplorer.com/res/js/libs/jquery-1.11.3.min.js?serial=2608290548"
      }, {
         "columnNumber": 20619,
         "functionName": "append",
         "lineNumber": 3,
         "scriptId": "12",
         "url": "https://www.betexplorer.com/res/js/libs/jquery-1.11.3.min.js?serial=2608290548"
      }, {
         "columnNumber": 23433,
         "functionName": "m.fn.\u003Ccomputed>",
         "lineNumber": 3,
         "scriptId": "12",
         "url": "https://www.betexplorer.com/res/js/libs/jquery-1.11.3.min.js?serial=2608290548"
      }, {
         "columnNumber": 129529,
         "functionName": "",
         "lineNumber": 15,
         "scriptId": "14",
         "url": "https://www.betexplorer.com/res/js/all.min.js?serial=2608290548"
      }, {
         "columnNumber": 2974,
         "functionName": "each",
         "lineNumber": 1,
         "scriptId": "12",
         "url": "https://www.betexplorer.com/res/js/libs/jquery-1.11.3.min.js?serial=2608290548"
      }, {
         "columnNumber": 834,
         "functionName": "each",
         "lineNumber": 1,
         "scriptId": "12",
         "url": "https://www.betexplorer.com/res/js/libs/jquery-1.11.3.min.js?serial=2608290548"
      }, {
         "columnNumber": 129505,
         "functionName": "",
         "lineNumber": 15,
         "scriptId": "14",
         "url": "https://www.betexplorer.com/res/js/all.min.js?serial=2608290548"
      }, {
         "columnNumber": 2974,
         "functionName": "each",
         "lineNumber": 1,
         "scriptId": "12",
         "url": "https://www.betexplorer.com/res/js/libs/jquery-1.11.3.min.js?serial=2608290548"
      }, {
         "columnNumber": 834,
         "functionName": "each",
         "lineNumber": 1,
         "scriptId": "12",
         "url": "https://www.betexplorer.com/res/js/libs/jquery-1.11.3.min.js?serial=2608290548"
      }, {
         "columnNumber": 129422,
         "functionName": "nr_add_banners_space",
         "lineNumber": 15,
         "scriptId": "14",
         "url": "https://www.betexplorer.com/res/js/all.min.js?serial=2608290548"
      }, {
         "columnNumber": 115021,
         "functionName": "success",
         "lineNumber": 15,
         "scriptId": "14",
         "url": "https://www.betexplorer.com/res/js/all.min.js?serial=2608290548"
      }, {
         "columnNumber": 27308,
         "functionName": "j",
         "lineNumber": 1,
         "scriptId": "12",
         "url": "https://www.betexplorer.com/res/js/libs/jquery-1.11.3.min.js?serial=2608290548"
      }, {
         "columnNumber": 28121,
         "functionName": "fireWith",
         "lineNumber": 1,
         "scriptId": "12",
         "url": "https://www.betexplorer.com/res/js/libs/jquery-1.11.3.min.js?serial=2608290548"
      }, {
         "columnNumber": 22110,
         "functionName": "x",
         "lineNumber": 4,
         "scriptId": "12",
         "url": "https://www.betexplorer.com/res/js/libs/jquery-1.11.3.min.js?serial=2608290548"
      }, {
         "columnNumber": 26029,
         "functionName": "b",
         "lineNumber": 4,
         "scriptId": "12",
         "url": "https://www.betexplorer.com/res/js/libs/jquery-1.11.3.min.js?serial=2608290548"
      } ]
   }
}
[1789275105.755][DEBUG]: DevTools WebSocket Event: Page.frameRequestedNavigation (session_id=ADD01671FB081D75F474B44D4C57A6D0) 8D801F2DEA53EC3F5B3A16235CEB322A {
   "disposition": "currentTab",
   "frameId": "60EA2F7648C607388FF0FC540A3CF564",
   "reason": "initialFrameNavigation",
   "url": "about:blank"
}
[1789275105.755][DEBUG]: DevTools WebSocket Event: Page.frameNavigated (session_id=ADD01671FB081D75F474B44D4C57A6D0) 8D801F2DEA53EC3F5B3A16235CEB322A {
   "frame": {
      "adFrameStatus": {
         "adFrameType": "none",
         "explanations": [  ]
      },
      "crossOriginIsolatedContextType": "NotIsolated",
      "domainAndRegistry": "",
      "gatedAPIFeatures": [  ],
      "id": "60EA2F7648C607388FF0FC540A3CF564",
      "loaderId": "2C2CA42FE0FF281BC17D71A5D21A1290",
      "mimeType": "text/html",
      "name": "banx-rs2_tablet",
      "parentId": "8D801F2DEA53EC3F5B3A16235CEB322A",
      "secureContextType": "Secure",
      "securityOrigin": "://",
      "securityOriginDetails": {
         "isLocalhost": false
      },
      "url": "about:blank"
   },
   "type": "Navigation"
}
[1789275105.755][DEBUG]: DevTools WebSocket Event: Page.frameStartedLoading (session_id=ADD01671FB081D75F474B44D4C57A6D0) 8D801F2DEA53EC3F5B3A16235CEB322A {
   "frameId": "60EA2F7648C607388FF0FC540A3CF564"
}
[1789275105.756][DEBUG]: DevTools WebSocket Event: Runtime.executionContextCreated (session_id=ADD01671FB081D75F474B44D4C57A6D0) 8D801F2DEA53EC3F5B3A16235CEB322A {
   "context": {
      "auxData": {
         "frameId": "60EA2F7648C607388FF0FC540A3CF564",
         "isDefault": true,
         "type": "default"
      },
      "id": 15,
      "name": "",
      "origin": "https://www.betexplorer.com",
      "uniqueId": "257206607634327612.-2989000694804210927"
   }
}
[1789275105.756][DEBUG]: DevTools WebSocket Event: Page.frameStoppedLoading (session_id=ADD01671FB081D75F474B44D4C57A6D0) 8D801F2DEA53EC3F5B3A16235CEB322A {
   "frameId": "60EA2F7648C607388FF0FC540A3CF564"
}
[1789275105.756][DEBUG]: DevTools WebSocket Event: Page.frameSubtreeWillBeDetached (session_id=ADD01671FB081D75F474B44D4C57A6D0) 8D801F2DEA53EC3F5B3A16235CEB322A {
   "frameId": "3FFD34640E89ABFB61FE8AB40FD4B7AC"
}
[1789275105.757][DEBUG]: DevTools WebSocket Event: Page.frameDetached (session_id=ADD01671FB081D75F474B44D4C57A6D0) 8D801F2DEA53EC3F5B3A16235CEB322A {
   "frameId": "3FFD34640E89ABFB61FE8AB40FD4B7AC",
   "reason": "remove"
}
[1789275105.757][DEBUG]: DevTools WebSocket Event: Runtime.executionContextDestroyed (session_id=ADD01671FB081D75F474B44D4C57A6D0) 8D801F2DEA53EC3F5B3A16235CEB322A {
   "executionContextId": 8,
   "executionContextUniqueId": "-6508889664461411390.52299954118821965"
}
[1789275105.758][DEBUG]: DevTools WebSocket Event: Page.frameAttached (session_id=ADD01671FB081D75F474B44D4C57A6D0) 8D801F2DEA53EC3F5B3A16235CEB322A {
   "frameId": "10BF04E7FCCBB306BB8A9306778C71CA",
   "parentFrameId": "8D801F2DEA53EC3F5B3A16235CEB322A",
   "stack": {
      "callFrames": [ {
         "columnNumber": 20730,
         "functionName": "",
         "lineNumber": 3,
         "scriptId": "12",
         "url": "https://www.betexplorer.com/res/js/libs/jquery-1.11.3.min.js?serial=2608290548"
      }, {
         "columnNumber": 22915,
         "functionName": "domManip",
         "lineNumber": 3,
         "scriptId": "12",
         "url": "https://www.betexplorer.com/res/js/libs/jquery-1.11.3.min.js?serial=2608290548"
      }, {
         "columnNumber": 20619,
         "functionName": "append",
         "lineNumber": 3,
         "scriptId": "12",
         "url": "https://www.betexplorer.com/res/js/libs/jquery-1.11.3.min.js?serial=2608290548"
      }, {
         "columnNumber": 23433,
         "functionName": "m.fn.\u003Ccomputed>",
         "lineNumber": 3,
         "scriptId": "12",
         "url": "https://www.betexplorer.com/res/js/libs/jquery-1.11.3.min.js?serial=2608290548"
      }, {
         "columnNumber": 129529,
         "functionName": "",
         "lineNumber": 15,
         "scriptId": "14",
         "url": "https://www.betexplorer.com/res/js/all.min.js?serial=2608290548"
      }, {
         "columnNumber": 2974,
         "functionName": "each",
         "lineNumber": 1,
         "scriptId": "12",
         "url": "https://www.betexplorer.com/res/js/libs/jquery-1.11.3.min.js?serial=2608290548"
      }, {
         "columnNumber": 834,
         "functionName": "each",
         "lineNumber": 1,
         "scriptId": "12",
         "url": "https://www.betexplorer.com/res/js/libs/jquery-1.11.3.min.js?serial=2608290548"
      }, {
         "columnNumber": 129505,
         "functionName": "",
         "lineNumber": 15,
         "scriptId": "14",
         "url": "https://www.betexplorer.com/res/js/all.min.js?serial=2608290548"
      }, {
         "columnNumber": 2974,
         "functionName": "each",
         "lineNumber": 1,
         "scriptId": "12",
         "url": "https://www.betexplorer.com/res/js/libs/jquery-1.11.3.min.js?serial=2608290548"
      }, {
         "columnNumber": 834,
         "functionName": "each",
         "lineNumber": 1,
         "scriptId": "12",
         "url": "https://www.betexplorer.com/res/js/libs/jquery-1.11.3.min.js?serial=2608290548"
      }, {
         "columnNumber": 129422,
         "functionName": "nr_add_banners_space",
         "lineNumber": 15,
         "scriptId": "14",
         "url": "https://www.betexplorer.com/res/js/all.min.js?serial=2608290548"
      }, {
         "columnNumber": 115021,
         "functionName": "success",
         "lineNumber": 15,
         "scriptId": "14",
         "url": "https://www.betexplorer.com/res/js/all.min.js?serial=2608290548"
      }, {
         "columnNumber": 27308,
         "functionName": "j",
         "lineNumber": 1,
         "scriptId": "12",
         "url": "https://www.betexplorer.com/res/js/libs/jquery-1.11.3.min.js?serial=2608290548"
      }, {
         "columnNumber": 28121,
         "functionName": "fireWith",
         "lineNumber": 1,
         "scriptId": "12",
         "url": "https://www.betexplorer.com/res/js/libs/jquery-1.11.3.min.js?serial=2608290548"
      }, {
         "columnNumber": 22110,
         "functionName": "x",
         "lineNumber": 4,
         "scriptId": "12",
         "url": "https://www.betexplorer.com/res/js/libs/jquery-1.11.3.min.js?serial=2608290548"
      }, {
         "columnNumber": 26029,
         "functionName": "b",
         "lineNumber": 4,
         "scriptId": "12",
         "url": "https://www.betexplorer.com/res/js/libs/jquery-1.11.3.min.js?serial=2608290548"
      } ]
   }
}
[1789275105.758][DEBUG]: DevTools WebSocket Event: Page.frameRequestedNavigation (session_id=ADD01671FB081D75F474B44D4C57A6D0) 8D801F2DEA53EC3F5B3A16235CEB322A {
   "disposition": "currentTab",
   "frameId": "10BF04E7FCCBB306BB8A9306778C71CA",
   "reason": "initialFrameNavigation",
   "url": "about:blank"
}
[1789275105.758][DEBUG]: DevTools WebSocket Event: Page.frameNavigated (session_id=ADD01671FB081D75F474B44D4C57A6D0) 8D801F2DEA53EC3F5B3A16235CEB322A {
   "frame": {
      "adFrameStatus": {
         "adFrameType": "none",
         "explanations": [  ]
      },
      "crossOriginIsolatedContextType": "NotIsolated",
      "domainAndRegistry": "",
      "gatedAPIFeatures": [  ],
      "id": "10BF04E7FCCBB306BB8A9306778C71CA",
      "loaderId": "628B87E76CBECEA05EF8089590557D1D",
      "mimeType": "text/html",
      "name": "banx-rs2_mobile",
      "parentId": "8D801F2DEA53EC3F5B3A16235CEB322A",
      "secureContextType": "Secure",
      "securityOrigin": "://",
      "securityOriginDetails": {
         "isLocalhost": false
      },
      "url": "about:blank"
   },
   "type": "Navigation"
}
[1789275105.758][DEBUG]: DevTools WebSocket Event: Page.frameStartedLoading (session_id=ADD01671FB081D75F474B44D4C57A6D0) 8D801F2DEA53EC3F5B3A16235CEB322A {
   "frameId": "10BF04E7FCCBB306BB8A9306778C71CA"
}
[1789275105.758][DEBUG]: DevTools WebSocket Event: Runtime.executionContextCreated (session_id=ADD01671FB081D75F474B44D4C57A6D0) 8D801F2DEA53EC3F5B3A16235CEB322A {
   "context": {
      "auxData": {
         "frameId": "10BF04E7FCCBB306BB8A9306778C71CA",
         "isDefault": true,
         "type": "default"
      },
      "id": 16,
      "name": "",
      "origin": "https://www.betexplorer.com",
      "uniqueId": "-5821537716611062345.-1310261315261999018"
   }
}
[1789275105.758][DEBUG]: DevTools WebSocket Event: Page.frameStoppedLoading (session_id=ADD01671FB081D75F474B44D4C57A6D0) 8D801F2DEA53EC3F5B3A16235CEB322A {
   "frameId": "10BF04E7FCCBB306BB8A9306778C71CA"
}
[1789275105.823][DEBUG]: DevTools WebSocket Event: Target.attachedToTarget (session_id=ADD01671FB081D75F474B44D4C57A6D0) 8D801F2DEA53EC3F5B3A16235CEB322A {
   "sessionId": "79C6340E03BA78FF676EEF56A968533B",
   "targetInfo": {
      "attached": true,
      "browserContextId": "090D8DB6DC06E523ACE0155686029545",
      "canAccessOpener": false,
      "parentFrameId": "8D801F2DEA53EC3F5B3A16235CEB322A",
      "parentId": "8D801F2DEA53EC3F5B3A16235CEB322A",
      "targetId": "61C83A4AE2248D4EB82092F85F88ED13",
      "title": "https://www.betexplorer.com/res/js/timer-worker.js",
      "type": "worker",
      "url": "https://www.betexplorer.com/res/js/timer-worker.js"
   },
   "waitingForDebugger": false
}
[1789275105.922][DEBUG]: DevTools WebSocket Event: Page.documentOpened (session_id=ADD01671FB081D75F474B44D4C57A6D0) 8D801F2DEA53EC3F5B3A16235CEB322A {
   "frame": {
      "adFrameStatus": {
         "adFrameType": "none",
         "explanations": [  ]
      },
      "crossOriginIsolatedContextType": "NotIsolated",
      "domainAndRegistry": "betexplorer.com",
      "gatedAPIFeatures": [  ],
      "id": "76C7A8888763BADB463AC0F37DDD5727",
      "loaderId": "1361EEC9C8BCABB8C64F6149565CA0DE",
      "mimeType": "text/html",
      "name": "banx-rs1_desktop",
      "parentId": "8D801F2DEA53EC3F5B3A16235CEB322A",
      "secureContextType": "Secure",
      "securityOrigin": "https://www.betexplorer.com",
      "securityOriginDetails": {
         "isLocalhost": false
      },
      "url": "https://www.betexplorer.com/football/results/?year=2026&month=09&day=13"
   }
}
[1789275105.939][DEBUG]: DevTools WebSocket Event: Page.documentOpened (session_id=ADD01671FB081D75F474B44D4C57A6D0) 8D801F2DEA53EC3F5B3A16235CEB322A {
   "frame": {
      "adFrameStatus": {
         "adFrameType": "none",
         "explanations": [  ]
      },
      "crossOriginIsolatedContextType": "NotIsolated",
      "domainAndRegistry": "betexplorer.com",
      "gatedAPIFeatures": [  ],
      "id": "AB71F8BF4215F5D87A8AA180E90B2012",
      "loaderId": "97D459863E7A4A004771B15E7D38AE02",
      "mimeType": "text/html",
      "name": "banx-rs2_desktop",
      "parentId": "8D801F2DEA53EC3F5B3A16235CEB322A",
      "secureContextType": "Secure",
      "securityOrigin": "https://www.betexplorer.com",
      "securityOriginDetails": {
         "isLocalhost": false
      },
      "url": "https://www.betexplorer.com/football/results/?year=2026&month=09&day=13"
   }
}
[19997:19997:0913/045146.281706:INFO:CONSOLE:111] "Unrecognized feature: 'attribution-reporting'.", source: https://www.googletagservices.com/dcm/impl_v106.js (111)
[1789275106.282][DEBUG]: DevTools WebSocket Event: Log.entryAdded (session_id=ADD01671FB081D75F474B44D4C57A6D0) 8D801F2DEA53EC3F5B3A16235CEB322A {
   "entry": {
      "level": "warning",
      "lineNumber": 110,
      "source": "other",
      "stackTrace": {
         "callFrames": [ {
            "columnNumber": 145,
            "functionName": "Ah",
            "lineNumber": 110,
            "scriptId": "33",
            "url": "https://www.googletagservices.com/dcm/impl_v106.js"
         }, {
            "columnNumber": 369,
            "functionName": "",
            "lineNumber": 108,
            "scriptId": "33",
            "url": "https://www.googletagservices.com/dcm/impl_v106.js"
         }, {
            "columnNumber": 485,
            "functionName": "",
            "lineNumber": 87,
            "scriptId": "33",
            "url": "https://www.googletagservices.com/dcm/impl_v106.js"
         }, {
            "columnNumber": 206,
            "functionName": "xg",
            "lineNumber": 87,
            "scriptId": "33",
            "url": "https://www.googletagservices.com/dcm/impl_v106.js"
         }, {
            "columnNumber": 460,
            "functionName": "",
            "lineNumber": 87,
            "scriptId": "33",
            "url": "https://www.googletagservices.com/dcm/impl_v106.js"
         } ]
      },
      "text": "Unrecognized feature: 'attribution-reporting'.",
      "timestamp": 1.789275106281448e+12,
      "url": "https://www.googletagservices.com/dcm/impl_v106.js"
   }
}
[1789275106.286][DEBUG]: DevTools WebSocket Event: Page.frameAttached (session_id=ADD01671FB081D75F474B44D4C57A6D0) 8D801F2DEA53EC3F5B3A16235CEB322A {
   "frameId": "29F52CAFB04BAC9C8A2533D6B5A50A65",
   "parentFrameId": "76C7A8888763BADB463AC0F37DDD5727",
   "stack": {
      "callFrames": [ {
         "columnNumber": 323,
         "functionName": "Ah",
         "lineNumber": 121,
         "scriptId": "33",
         "url": "https://www.googletagservices.com/dcm/impl_v106.js"
      }, {
         "columnNumber": 369,
         "functionName": "",
         "lineNumber": 108,
         "scriptId": "33",
         "url": "https://www.googletagservices.com/dcm/impl_v106.js"
      }, {
         "columnNumber": 485,
         "functionName": "",
         "lineNumber": 87,
         "scriptId": "33",
         "url": "https://www.googletagservices.com/dcm/impl_v106.js"
      }, {
         "columnNumber": 206,
         "functionName": "xg",
         "lineNumber": 87,
         "scriptId": "33",
         "url": "https://www.googletagservices.com/dcm/impl_v106.js"
      }, {
         "columnNumber": 460,
         "functionName": "",
         "lineNumber": 87,
         "scriptId": "33",
         "url": "https://www.googletagservices.com/dcm/impl_v106.js"
      } ]
   }
}
[1789275106.286][DEBUG]: DevTools WebSocket Event: Page.frameRequestedNavigation (session_id=ADD01671FB081D75F474B44D4C57A6D0) 8D801F2DEA53EC3F5B3A16235CEB322A {
   "disposition": "currentTab",
   "frameId": "29F52CAFB04BAC9C8A2533D6B5A50A65",
   "reason": "initialFrameNavigation",
   "url": "about:blank"
}
[1789275106.287][DEBUG]: DevTools WebSocket Event: Page.frameNavigated (session_id=ADD01671FB081D75F474B44D4C57A6D0) 8D801F2DEA53EC3F5B3A16235CEB322A {
   "frame": {
      "adFrameStatus": {
         "adFrameType": "none",
         "explanations": [  ]
      },
      "crossOriginIsolatedContextType": "NotIsolated",
      "domainAndRegistry": "",
      "gatedAPIFeatures": [  ],
      "id": "29F52CAFB04BAC9C8A2533D6B5A50A65",
      "loaderId": "F0ED66B5752092B7F2462F1D892A8184",
      "mimeType": "text/html",
      "name": "",
      "parentId": "76C7A8888763BADB463AC0F37DDD5727",
      "secureContextType": "Secure",
      "securityOrigin": "://",
      "securityOriginDetails": {
         "isLocalhost": false
      },
      "url": "about:blank"
   },
   "type": "Navigation"
}
[1789275106.287][DEBUG]: DevTools WebSocket Event: Page.frameStartedLoading (session_id=ADD01671FB081D75F474B44D4C57A6D0) 8D801F2DEA53EC3F5B3A16235CEB322A {
   "frameId": "29F52CAFB04BAC9C8A2533D6B5A50A65"
}
[1789275106.291][DEBUG]: DevTools WebSocket Event: Runtime.executionContextCreated (session_id=ADD01671FB081D75F474B44D4C57A6D0) 8D801F2DEA53EC3F5B3A16235CEB322A {
   "context": {
      "auxData": {
         "frameId": "29F52CAFB04BAC9C8A2533D6B5A50A65",
         "isDefault": true,
         "type": "default"
      },
      "id": 17,
      "name": "",
      "origin": "https://www.betexplorer.com",
      "uniqueId": "4107069687627726944.-5343321385613513823"
   }
}
[1789275106.291][DEBUG]: DevTools WebSocket Event: Page.frameStoppedLoading (session_id=ADD01671FB081D75F474B44D4C57A6D0) 8D801F2DEA53EC3F5B3A16235CEB322A {
   "frameId": "29F52CAFB04BAC9C8A2533D6B5A50A65"
}
[1789275106.292][DEBUG]: DevTools WebSocket Event: Page.frameScheduledNavigation (session_id=ADD01671FB081D75F474B44D4C57A6D0) 8D801F2DEA53EC3F5B3A16235CEB322A {
   "delay": 0,
   "frameId": "29F52CAFB04BAC9C8A2533D6B5A50A65",
   "reason": "scriptInitiated",
   "url": "about:srcdoc"
}
[1789275106.292][DEBUG]: DevTools WebSocket Event: Page.frameRequestedNavigation (session_id=ADD01671FB081D75F474B44D4C57A6D0) 8D801F2DEA53EC3F5B3A16235CEB322A {
   "disposition": "currentTab",
   "frameId": "29F52CAFB04BAC9C8A2533D6B5A50A65",
   "reason": "scriptInitiated",
   "url": "about:srcdoc"
}
[1789275106.292][DEBUG]: DevTools WebSocket Event: Page.frameStartedNavigating (session_id=ADD01671FB081D75F474B44D4C57A6D0) 8D801F2DEA53EC3F5B3A16235CEB322A {
   "frameId": "29F52CAFB04BAC9C8A2533D6B5A50A65",
   "loaderId": "84BA23FD4922784A70806879B44D8C7B",
   "navigationType": "differentDocument",
   "url": "about:srcdoc"
}
[1789275106.292][DEBUG]: DevTools WebSocket Event: Page.frameStartedLoading (session_id=ADD01671FB081D75F474B44D4C57A6D0) 8D801F2DEA53EC3F5B3A16235CEB322A {
   "frameId": "29F52CAFB04BAC9C8A2533D6B5A50A65"
}
[1789275106.294][DEBUG]: DevTools WebSocket Event: Page.frameClearedScheduledNavigation (session_id=ADD01671FB081D75F474B44D4C57A6D0) 8D801F2DEA53EC3F5B3A16235CEB322A {
   "frameId": "29F52CAFB04BAC9C8A2533D6B5A50A65"
}
[19997:19997:0913/045146.294660:INFO:CONSOLE:111] "Unrecognized feature: 'attribution-reporting'.", source: https://www.googletagservices.com/dcm/impl_v106.js (111)
[1789275106.295][DEBUG]: DevTools WebSocket Event: Log.entryAdded (session_id=ADD01671FB081D75F474B44D4C57A6D0) 8D801F2DEA53EC3F5B3A16235CEB322A {
   "entry": {
      "level": "warning",
      "lineNumber": 110,
      "source": "other",
      "stackTrace": {
         "callFrames": [ {
            "columnNumber": 145,
            "functionName": "Ah",
            "lineNumber": 110,
            "scriptId": "33",
            "url": "https://www.googletagservices.com/dcm/impl_v106.js"
         }, {
            "columnNumber": 369,
            "functionName": "",
            "lineNumber": 108,
            "scriptId": "33",
            "url": "https://www.googletagservices.com/dcm/impl_v106.js"
         }, {
            "columnNumber": 485,
            "functionName": "",
            "lineNumber": 87,
            "scriptId": "33",
            "url": "https://www.googletagservices.com/dcm/impl_v106.js"
         }, {
            "columnNumber": 206,
            "functionName": "xg",
            "lineNumber": 87,
            "scriptId": "33",
            "url": "https://www.googletagservices.com/dcm/impl_v106.js"
         }, {
            "columnNumber": 460,
            "functionName": "",
            "lineNumber": 87,
            "scriptId": "33",
            "url": "https://www.googletagservices.com/dcm/impl_v106.js"
         } ]
      },
      "text": "Unrecognized feature: 'attribution-reporting'.",
      "timestamp": 1.789275106291124e+12,
      "url": "https://www.googletagservices.com/dcm/impl_v106.js"
   }
}
[1789275106.296][DEBUG]: DevTools WebSocket Event: Page.frameAttached (session_id=ADD01671FB081D75F474B44D4C57A6D0) 8D801F2DEA53EC3F5B3A16235CEB322A {
   "frameId": "F6CAF62BE1ACC528930E97EFF58B6834",
   "parentFrameId": "AB71F8BF4215F5D87A8AA180E90B2012",
   "stack": {
      "callFrames": [ {
         "columnNumber": 323,
         "functionName": "Ah",
         "lineNumber": 121,
         "scriptId": "33",
         "url": "https://www.googletagservices.com/dcm/impl_v106.js"
      }, {
         "columnNumber": 369,
         "functionName": "",
         "lineNumber": 108,
         "scriptId": "33",
         "url": "https://www.googletagservices.com/dcm/impl_v106.js"
      }, {
         "columnNumber": 485,
         "functionName": "",
         "lineNumber": 87,
         "scriptId": "33",
         "url": "https://www.googletagservices.com/dcm/impl_v106.js"
      }, {
         "columnNumber": 206,
         "functionName": "xg",
         "lineNumber": 87,
         "scriptId": "33",
         "url": "https://www.googletagservices.com/dcm/impl_v106.js"
      }, {
         "columnNumber": 460,
         "functionName": "",
         "lineNumber": 87,
         "scriptId": "33",
         "url": "https://www.googletagservices.com/dcm/impl_v106.js"
      } ]
   }
}
[1789275106.299][DEBUG]: DevTools WebSocket Event: Page.frameRequestedNavigation (session_id=ADD01671FB081D75F474B44D4C57A6D0) 8D801F2DEA53EC3F5B3A16235CEB322A {
   "disposition": "currentTab",
   "frameId": "F6CAF62BE1ACC528930E97EFF58B6834",
   "reason": "initialFrameNavigation",
   "url": "about:blank"
}
[1789275106.299][DEBUG]: DevTools WebSocket Event: Page.frameNavigated (session_id=ADD01671FB081D75F474B44D4C57A6D0) 8D801F2DEA53EC3F5B3A16235CEB322A {
   "frame": {
      "adFrameStatus": {
         "adFrameType": "none",
         "explanations": [  ]
      },
      "crossOriginIsolatedContextType": "NotIsolated",
      "domainAndRegistry": "",
      "gatedAPIFeatures": [  ],
      "id": "F6CAF62BE1ACC528930E97EFF58B6834",
      "loaderId": "2587DCF83E5DDF5FE3E00A88D3735695",
      "mimeType": "text/html",
      "name": "",
      "parentId": "AB71F8BF4215F5D87A8AA180E90B2012",
      "secureContextType": "Secure",
      "securityOrigin": "://",
      "securityOriginDetails": {
         "isLocalhost": false
      },
      "url": "about:blank"
   },
   "type": "Navigation"
}
[1789275106.299][DEBUG]: DevTools WebSocket Event: Page.frameStartedLoading (session_id=ADD01671FB081D75F474B44D4C57A6D0) 8D801F2DEA53EC3F5B3A16235CEB322A {
   "frameId": "F6CAF62BE1ACC528930E97EFF58B6834"
}
[1789275106.300][DEBUG]: DevTools WebSocket Event: Runtime.executionContextCreated (session_id=ADD01671FB081D75F474B44D4C57A6D0) 8D801F2DEA53EC3F5B3A16235CEB322A {
   "context": {
      "auxData": {
         "frameId": "F6CAF62BE1ACC528930E97EFF58B6834",
         "isDefault": true,
         "type": "default"
      },
      "id": 18,
      "name": "",
      "origin": "https://www.betexplorer.com",
      "uniqueId": "-2740467393381008914.-5405903352685581555"
   }
}
[1789275106.300][DEBUG]: DevTools WebSocket Event: Page.frameStoppedLoading (session_id=ADD01671FB081D75F474B44D4C57A6D0) 8D801F2DEA53EC3F5B3A16235CEB322A {
   "frameId": "F6CAF62BE1ACC528930E97EFF58B6834"
}
[1789275106.300][DEBUG]: DevTools WebSocket Event: Page.frameScheduledNavigation (session_id=ADD01671FB081D75F474B44D4C57A6D0) 8D801F2DEA53EC3F5B3A16235CEB322A {
   "delay": 0,
   "frameId": "F6CAF62BE1ACC528930E97EFF58B6834",
   "reason": "scriptInitiated",
   "url": "about:srcdoc"
}
[1789275106.300][DEBUG]: DevTools WebSocket Event: Page.frameRequestedNavigation (session_id=ADD01671FB081D75F474B44D4C57A6D0) 8D801F2DEA53EC3F5B3A16235CEB322A {
   "disposition": "currentTab",
   "frameId": "F6CAF62BE1ACC528930E97EFF58B6834",
   "reason": "scriptInitiated",
   "url": "about:srcdoc"
}
[1789275106.301][DEBUG]: DevTools WebSocket Event: Page.frameStartedNavigating (session_id=ADD01671FB081D75F474B44D4C57A6D0) 8D801F2DEA53EC3F5B3A16235CEB322A {
   "frameId": "F6CAF62BE1ACC528930E97EFF58B6834",
   "loaderId": "40E5962D65CE1EB494FE96A1D44DA968",
   "navigationType": "differentDocument",
   "url": "about:srcdoc"
}
[1789275106.301][DEBUG]: DevTools WebSocket Event: Page.frameStartedLoading (session_id=ADD01671FB081D75F474B44D4C57A6D0) 8D801F2DEA53EC3F5B3A16235CEB322A {
   "frameId": "F6CAF62BE1ACC528930E97EFF58B6834"
}
[1789275106.303][DEBUG]: DevTools WebSocket Event: Page.frameClearedScheduledNavigation (session_id=ADD01671FB081D75F474B44D4C57A6D0) 8D801F2DEA53EC3F5B3A16235CEB322A {
   "frameId": "F6CAF62BE1ACC528930E97EFF58B6834"
}
[1789275106.310][DEBUG]: DevTools WebSocket Event: Runtime.executionContextDestroyed (session_id=ADD01671FB081D75F474B44D4C57A6D0) 8D801F2DEA53EC3F5B3A16235CEB322A {
   "executionContextId": 17,
   "executionContextUniqueId": "4107069687627726944.-5343321385613513823"
}
[1789275106.311][DEBUG]: DevTools WebSocket Event: Page.frameNavigated (session_id=ADD01671FB081D75F474B44D4C57A6D0) 8D801F2DEA53EC3F5B3A16235CEB322A {
   "frame": {
      "adFrameStatus": {
         "adFrameType": "none",
         "explanations": [  ]
      },
      "crossOriginIsolatedContextType": "NotIsolated",
      "domainAndRegistry": "",
      "gatedAPIFeatures": [  ],
      "id": "29F52CAFB04BAC9C8A2533D6B5A50A65",
      "loaderId": "84BA23FD4922784A70806879B44D8C7B",
      "mimeType": "text/html",
      "name": "",
      "parentId": "76C7A8888763BADB463AC0F37DDD5727",
      "secureContextType": "Secure",
      "securityOrigin": "://",
      "securityOriginDetails": {
         "isLocalhost": false
      },
      "url": "about:srcdoc"
   },
   "type": "Navigation"
}
[1789275106.315][DEBUG]: DevTools WebSocket Event: Runtime.executionContextCreated (session_id=ADD01671FB081D75F474B44D4C57A6D0) 8D801F2DEA53EC3F5B3A16235CEB322A {
   "context": {
      "auxData": {
         "frameId": "29F52CAFB04BAC9C8A2533D6B5A50A65",
         "isDefault": true,
         "type": "default"
      },
      "id": 19,
      "name": "",
      "origin": "https://www.betexplorer.com",
      "uniqueId": "4837724123771013597.-2152373320568097110"
   }
}
[1789275106.315][DEBUG]: DevTools WebSocket Event: Runtime.executionContextDestroyed (session_id=ADD01671FB081D75F474B44D4C57A6D0) 8D801F2DEA53EC3F5B3A16235CEB322A {
   "executionContextId": 18,
   "executionContextUniqueId": "-2740467393381008914.-5405903352685581555"
}
[1789275106.315][DEBUG]: DevTools WebSocket Event: Page.frameNavigated (session_id=ADD01671FB081D75F474B44D4C57A6D0) 8D801F2DEA53EC3F5B3A16235CEB322A {
   "frame": {
      "adFrameStatus": {
         "adFrameType": "none",
         "explanations": [  ]
      },
      "crossOriginIsolatedContextType": "NotIsolated",
      "domainAndRegistry": "",
      "gatedAPIFeatures": [  ],
      "id": "F6CAF62BE1ACC528930E97EFF58B6834",
      "loaderId": "40E5962D65CE1EB494FE96A1D44DA968",
      "mimeType": "text/html",
      "name": "",
      "parentId": "AB71F8BF4215F5D87A8AA180E90B2012",
      "secureContextType": "Secure",
      "securityOrigin": "://",
      "securityOriginDetails": {
         "isLocalhost": false
      },
      "url": "about:srcdoc"
   },
   "type": "Navigation"
}
[1789275106.318][DEBUG]: DevTools WebSocket Event: Runtime.executionContextCreated (session_id=ADD01671FB081D75F474B44D4C57A6D0) 8D801F2DEA53EC3F5B3A16235CEB322A {
   "context": {
      "auxData": {
         "frameId": "F6CAF62BE1ACC528930E97EFF58B6834",
         "isDefault": true,
         "type": "default"
      },
      "id": 20,
      "name": "",
      "origin": "https://www.betexplorer.com",
      "uniqueId": "-6091334733203331711.-1708478607450426686"
   }
}
[1789275106.382][DEBUG]: DevTools WebSocket Event: Page.frameAttached (session_id=ADD01671FB081D75F474B44D4C57A6D0) 8D801F2DEA53EC3F5B3A16235CEB322A {
   "frameId": "0B8D023EE599C85494C8CBACC4A9122B",
   "parentFrameId": "8D801F2DEA53EC3F5B3A16235CEB322A",
   "stack": {
      "callFrames": [ {
         "columnNumber": 24809,
         "functionName": "a.append",
         "lineNumber": 6,
         "scriptId": "19",
         "url": "https://cdn.cookielaw.org/scripttemplates/202606.2.0/otBannerSdk.js"
      }, {
         "columnNumber": 248130,
         "functionName": "n.insertPcHtml",
         "lineNumber": 6,
         "scriptId": "19",
         "url": "https://cdn.cookielaw.org/scripttemplates/202606.2.0/otBannerSdk.js"
      }, {
         "columnNumber": 356548,
         "functionName": "",
         "lineNumber": 6,
         "scriptId": "19",
         "url": "https://cdn.cookielaw.org/scripttemplates/202606.2.0/otBannerSdk.js"
      }, {
         "columnNumber": 1976,
         "functionName": "",
         "lineNumber": 6,
         "scriptId": "19",
         "url": "https://cdn.cookielaw.org/scripttemplates/202606.2.0/otBannerSdk.js"
      }, {
         "columnNumber": 946,
         "functionName": "",
         "lineNumber": 6,
         "scriptId": "19",
         "url": "https://cdn.cookielaw.org/scripttemplates/202606.2.0/otBannerSdk.js"
      }, {
         "columnNumber": 697,
         "functionName": "F",
         "lineNumber": 6,
         "scriptId": "19",
         "url": "https://cdn.cookielaw.org/scripttemplates/202606.2.0/otBannerSdk.js"
      }, {
         "columnNumber": 355242,
         "functionName": "Dr.windowLoadBanner",
         "lineNumber": 6,
         "scriptId": "19",
         "url": "https://cdn.cookielaw.org/scripttemplates/202606.2.0/otBannerSdk.js"
      }, {
         "columnNumber": 23482,
         "functionName": "r",
         "lineNumber": 6,
         "scriptId": "19",
         "url": "https://cdn.cookielaw.org/scripttemplates/202606.2.0/otBannerSdk.js"
      }, {
         "columnNumber": 23629,
         "functionName": "a.trigger",
         "lineNumber": 6,
         "scriptId": "19",
         "url": "https://cdn.cookielaw.org/scripttemplates/202606.2.0/otBannerSdk.js"
      }, {
         "columnNumber": 63061,
         "functionName": "ho.loadBanner",
         "lineNumber": 6,
         "scriptId": "19",
         "url": "https://cdn.cookielaw.org/scripttemplates/202606.2.0/otBannerSdk.js"
      }, {
         "columnNumber": 360464,
         "functionName": "xr.LoadBanner",
         "lineNumber": 6,
         "scriptId": "19",
         "url": "https://cdn.cookielaw.org/scripttemplates/202606.2.0/otBannerSdk.js"
      }, {
         "columnNumber": 571665,
         "functionName": "",
         "lineNumber": 6,
         "scriptId": "19",
         "url": "https://cdn.cookielaw.org/scripttemplates/202606.2.0/otBannerSdk.js"
      }, {
         "columnNumber": 1976,
         "functionName": "",
         "lineNumber": 6,
         "scriptId": "19",
         "url": "https://cdn.cookielaw.org/scripttemplates/202606.2.0/otBannerSdk.js"
      }, {
         "columnNumber": 751,
         "functionName": "n",
         "lineNumber": 6,
         "scriptId": "19",
         "url": "https://cdn.cookielaw.org/scripttemplates/202606.2.0/otBannerSdk.js"
      } ]
   }
}
[1789275106.388][DEBUG]: DevTools WebSocket Event: Page.frameRequestedNavigation (session_id=ADD01671FB081D75F474B44D4C57A6D0) 8D801F2DEA53EC3F5B3A16235CEB322A {
   "disposition": "currentTab",
   "frameId": "0B8D023EE599C85494C8CBACC4A9122B",
   "reason": "initialFrameNavigation",
   "url": "about:blank"
}
[1789275106.388][DEBUG]: DevTools WebSocket Event: Page.frameNavigated (session_id=ADD01671FB081D75F474B44D4C57A6D0) 8D801F2DEA53EC3F5B3A16235CEB322A {
   "frame": {
      "adFrameStatus": {
         "adFrameType": "none",
         "explanations": [  ]
      },
      "crossOriginIsolatedContextType": "NotIsolated",
      "domainAndRegistry": "",
      "gatedAPIFeatures": [  ],
      "id": "0B8D023EE599C85494C8CBACC4A9122B",
      "loaderId": "C7A7E0F422DE58F92F60C2E87B8ADB2F",
      "mimeType": "text/html",
      "name": "",
      "parentId": "8D801F2DEA53EC3F5B3A16235CEB322A",
      "secureContextType": "Secure",
      "securityOrigin": "://",
      "securityOriginDetails": {
         "isLocalhost": false
      },
      "url": "about:blank"
   },
   "type": "Navigation"
}
[1789275106.388][DEBUG]: DevTools WebSocket Event: Page.frameStartedLoading (session_id=ADD01671FB081D75F474B44D4C57A6D0) 8D801F2DEA53EC3F5B3A16235CEB322A {
   "frameId": "0B8D023EE599C85494C8CBACC4A9122B"
}
[1789275106.388][DEBUG]: DevTools WebSocket Event: Runtime.executionContextCreated (session_id=ADD01671FB081D75F474B44D4C57A6D0) 8D801F2DEA53EC3F5B3A16235CEB322A {
   "context": {
      "auxData": {
         "frameId": "0B8D023EE599C85494C8CBACC4A9122B",
         "isDefault": true,
         "type": "default"
      },
      "id": 21,
      "name": "",
      "origin": "https://www.betexplorer.com",
      "uniqueId": "3844020561359933544.8516271200158633101"
   }
}
[1789275106.389][DEBUG]: DevTools WebSocket Event: Page.frameStoppedLoading (session_id=ADD01671FB081D75F474B44D4C57A6D0) 8D801F2DEA53EC3F5B3A16235CEB322A {
   "frameId": "0B8D023EE599C85494C8CBACC4A9122B"
}
[1789275106.390][DEBUG]: DevTools WebSocket Event: Page.frameSubtreeWillBeDetached (session_id=ADD01671FB081D75F474B44D4C57A6D0) 8D801F2DEA53EC3F5B3A16235CEB322A {
   "frameId": "0B8D023EE599C85494C8CBACC4A9122B"
}
[1789275106.392][DEBUG]: DevTools WebSocket Event: Page.frameDetached (session_id=ADD01671FB081D75F474B44D4C57A6D0) 8D801F2DEA53EC3F5B3A16235CEB322A {
   "frameId": "0B8D023EE599C85494C8CBACC4A9122B",
   "reason": "remove"
}
[1789275106.393][DEBUG]: DevTools WebSocket Event: Runtime.executionContextDestroyed (session_id=ADD01671FB081D75F474B44D4C57A6D0) 8D801F2DEA53EC3F5B3A16235CEB322A {
   "executionContextId": 21,
   "executionContextUniqueId": "3844020561359933544.8516271200158633101"
}
[1789275106.393][DEBUG]: DevTools WebSocket Event: Page.frameAttached (session_id=ADD01671FB081D75F474B44D4C57A6D0) 8D801F2DEA53EC3F5B3A16235CEB322A {
   "frameId": "6DDA965BDA637FB0B8364C49E1067790",
   "parentFrameId": "8D801F2DEA53EC3F5B3A16235CEB322A",
   "stack": {
      "callFrames": [ {
         "columnNumber": 24809,
         "functionName": "a.append",
         "lineNumber": 6,
         "scriptId": "19",
         "url": "https://cdn.cookielaw.org/scripttemplates/202606.2.0/otBannerSdk.js"
      }, {
         "columnNumber": 248183,
         "functionName": "n.insertPcHtml",
         "lineNumber": 6,
         "scriptId": "19",
         "url": "https://cdn.cookielaw.org/scripttemplates/202606.2.0/otBannerSdk.js"
      }, {
         "columnNumber": 356548,
         "functionName": "",
         "lineNumber": 6,
         "scriptId": "19",
         "url": "https://cdn.cookielaw.org/scripttemplates/202606.2.0/otBannerSdk.js"
      }, {
         "columnNumber": 1976,
         "functionName": "",
         "lineNumber": 6,
         "scriptId": "19",
         "url": "https://cdn.cookielaw.org/scripttemplates/202606.2.0/otBannerSdk.js"
      }, {
         "columnNumber": 946,
         "functionName": "",
         "lineNumber": 6,
         "scriptId": "19",
         "url": "https://cdn.cookielaw.org/scripttemplates/202606.2.0/otBannerSdk.js"
      }, {
         "columnNumber": 697,
         "functionName": "F",
         "lineNumber": 6,
         "scriptId": "19",
         "url": "https://cdn.cookielaw.org/scripttemplates/202606.2.0/otBannerSdk.js"
      }, {
         "columnNumber": 355242,
         "functionName": "Dr.windowLoadBanner",
         "lineNumber": 6,
         "scriptId": "19",
         "url": "https://cdn.cookielaw.org/scripttemplates/202606.2.0/otBannerSdk.js"
      }, {
         "columnNumber": 23482,
         "functionName": "r",
         "lineNumber": 6,
         "scriptId": "19",
         "url": "https://cdn.cookielaw.org/scripttemplates/202606.2.0/otBannerSdk.js"
      }, {
         "columnNumber": 23629,
         "functionName": "a.trigger",
         "lineNumber": 6,
         "scriptId": "19",
         "url": "https://cdn.cookielaw.org/scripttemplates/202606.2.0/otBannerSdk.js"
      }, {
         "columnNumber": 63061,
         "functionName": "ho.loadBanner",
         "lineNumber": 6,
         "scriptId": "19",
         "url": "https://cdn.cookielaw.org/scripttemplates/202606.2.0/otBannerSdk.js"
      }, {
         "columnNumber": 360464,
         "functionName": "xr.LoadBanner",
         "lineNumber": 6,
         "scriptId": "19",
         "url": "https://cdn.cookielaw.org/scripttemplates/202606.2.0/otBannerSdk.js"
      }, {
         "columnNumber": 571665,
         "functionName": "",
         "lineNumber": 6,
         "scriptId": "19",
         "url": "https://cdn.cookielaw.org/scripttemplates/202606.2.0/otBannerSdk.js"
      }, {
         "columnNumber": 1976,
         "functionName": "",
         "lineNumber": 6,
         "scriptId": "19",
         "url": "https://cdn.cookielaw.org/scripttemplates/202606.2.0/otBannerSdk.js"
      }, {
         "columnNumber": 751,
         "functionName": "n",
         "lineNumber": 6,
         "scriptId": "19",
         "url": "https://cdn.cookielaw.org/scripttemplates/202606.2.0/otBannerSdk.js"
      } ]
   }
}
[1789275106.395][DEBUG]: DevTools WebSocket Event: Page.frameRequestedNavigation (session_id=ADD01671FB081D75F474B44D4C57A6D0) 8D801F2DEA53EC3F5B3A16235CEB322A {
   "disposition": "currentTab",
   "frameId": "6DDA965BDA637FB0B8364C49E1067790",
   "reason": "initialFrameNavigation",
   "url": "about:blank"
}
[1789275106.395][DEBUG]: DevTools WebSocket Event: Page.frameNavigated (session_id=ADD01671FB081D75F474B44D4C57A6D0) 8D801F2DEA53EC3F5B3A16235CEB322A {
   "frame": {
      "adFrameStatus": {
         "adFrameType": "none",
         "explanations": [  ]
      },
      "crossOriginIsolatedContextType": "NotIsolated",
      "domainAndRegistry": "",
      "gatedAPIFeatures": [  ],
      "id": "6DDA965BDA637FB0B8364C49E1067790",
      "loaderId": "161346D7639B1FDA7818065B3465C66D",
      "mimeType": "text/html",
      "name": "",
      "parentId": "8D801F2DEA53EC3F5B3A16235CEB322A",
      "secureContextType": "Secure",
      "securityOrigin": "://",
      "securityOriginDetails": {
         "isLocalhost": false
      },
      "url": "about:blank"
   },
   "type": "Navigation"
}
[1789275106.395][DEBUG]: DevTools WebSocket Event: Page.frameStartedLoading (session_id=ADD01671FB081D75F474B44D4C57A6D0) 8D801F2DEA53EC3F5B3A16235CEB322A {
   "frameId": "6DDA965BDA637FB0B8364C49E1067790"
}
[1789275106.397][DEBUG]: DevTools WebSocket Event: Runtime.executionContextCreated (session_id=ADD01671FB081D75F474B44D4C57A6D0) 8D801F2DEA53EC3F5B3A16235CEB322A {
   "context": {
      "auxData": {
         "frameId": "6DDA965BDA637FB0B8364C49E1067790",
         "isDefault": true,
         "type": "default"
      },
      "id": 22,
      "name": "",
      "origin": "https://www.betexplorer.com",
      "uniqueId": "4652964122679165788.-5991819711612511702"
   }
}
[1789275106.397][DEBUG]: DevTools WebSocket Event: Page.frameStoppedLoading (session_id=ADD01671FB081D75F474B44D4C57A6D0) 8D801F2DEA53EC3F5B3A16235CEB322A {
   "frameId": "6DDA965BDA637FB0B8364C49E1067790"
}
[1789275106.518][DEBUG]: DevTools WebSocket Event: Page.frameAttached (session_id=ADD01671FB081D75F474B44D4C57A6D0) 8D801F2DEA53EC3F5B3A16235CEB322A {
   "frameId": "67BFBF8E12915B3594FCC267CEA5E0A3",
   "parentFrameId": "29F52CAFB04BAC9C8A2533D6B5A50A65",
   "stack": {
      "callFrames": [ {
         "columnNumber": 88,
         "functionName": "ck",
         "lineNumber": 130,
         "scriptId": "57",
         "url": "https://s0.2mdn.net/879366/express_html_inpage_rendering_lib_200_287.js"
      }, {
         "columnNumber": 741,
         "functionName": "ak.ra",
         "lineNumber": 129,
         "scriptId": "57",
         "url": "https://s0.2mdn.net/879366/express_html_inpage_rendering_lib_200_287.js"
      }, {
         "columnNumber": 351,
         "functionName": "fk.ra",
         "lineNumber": 131,
         "scriptId": "57",
         "url": "https://s0.2mdn.net/879366/express_html_inpage_rendering_lib_200_287.js"
      }, {
         "columnNumber": 503,
         "functionName": "Z.U",
         "lineNumber": 156,
         "scriptId": "57",
         "url": "https://s0.2mdn.net/879366/express_html_inpage_rendering_lib_200_287.js"
      }, {
         "columnNumber": 332,
         "functionName": "zj",
         "lineNumber": 154,
         "scriptId": "57",
         "url": "https://s0.2mdn.net/879366/express_html_inpage_rendering_lib_200_287.js"
      }, {
         "columnNumber": 197,
         "functionName": "Tk",
         "lineNumber": 154,
         "scriptId": "57",
         "url": "https://s0.2mdn.net/879366/express_html_inpage_rendering_lib_200_287.js"
      }, {
         "columnNumber": 115,
         "functionName": "h.init",
         "lineNumber": 154,
         "scriptId": "57",
         "url": "https://s0.2mdn.net/879366/express_html_inpage_rendering_lib_200_287.js"
      }, {
         "columnNumber": 438,
         "functionName": "e.v",
         "lineNumber": 60,
         "scriptId": "57",
         "url": "https://s0.2mdn.net/879366/express_html_inpage_rendering_lib_200_287.js"
      }, {
         "columnNumber": 203,
         "functionName": "ag",
         "lineNumber": 64,
         "scriptId": "57",
         "url": "https://s0.2mdn.net/879366/express_html_inpage_rendering_lib_200_287.js"
      }, {
         "columnNumber": 87,
         "functionName": "Xf",
         "lineNumber": 64,
         "scriptId": "57",
         "url": "https://s0.2mdn.net/879366/express_html_inpage_rendering_lib_200_287.js"
      }, {
         "columnNumber": 214,
         "functionName": "P.C",
         "lineNumber": 63,
         "scriptId": "57",
         "url": "https://s0.2mdn.net/879366/express_html_inpage_rendering_lib_200_287.js"
      }, {
         "columnNumber": 1376,
         "functionName": "Gf",
         "lineNumber": 57,
         "scriptId": "57",
         "url": "https://s0.2mdn.net/879366/express_html_inpage_rendering_lib_200_287.js"
      } ]
   }
}
[1789275106.519][DEBUG]: DevTools WebSocket Event: Page.frameRequestedNavigation (session_id=ADD01671FB081D75F474B44D4C57A6D0) 8D801F2DEA53EC3F5B3A16235CEB322A {
   "disposition": "currentTab",
   "frameId": "67BFBF8E12915B3594FCC267CEA5E0A3",
   "reason": "initialFrameNavigation",
   "url": "https://s0.2mdn.net/sadbundle/11492486636898679053/index.html?ev=01_262"
}
[1789275106.536][DEBUG]: DevTools WebSocket Event: Page.frameStartedNavigating (session_id=ADD01671FB081D75F474B44D4C57A6D0) 8D801F2DEA53EC3F5B3A16235CEB322A {
   "frameId": "67BFBF8E12915B3594FCC267CEA5E0A3",
   "loaderId": "FB79ED716E0FB0C21208B3644B3A17E6",
   "navigationType": "differentDocument",
   "url": "https://s0.2mdn.net/sadbundle/11492486636898679053/index.html?ev=01_262"
}
[1789275106.536][DEBUG]: DevTools WebSocket Event: Page.frameStartedLoading (session_id=ADD01671FB081D75F474B44D4C57A6D0) 8D801F2DEA53EC3F5B3A16235CEB322A {
   "frameId": "67BFBF8E12915B3594FCC267CEA5E0A3"
}
[1789275106.537][DEBUG]: DevTools WebSocket Event: Page.frameAttached (session_id=ADD01671FB081D75F474B44D4C57A6D0) 8D801F2DEA53EC3F5B3A16235CEB322A {
   "frameId": "8ADC0B2FF9C7BFE1DB0D2D1E7F0F1202",
   "parentFrameId": "F6CAF62BE1ACC528930E97EFF58B6834",
   "stack": {
      "callFrames": [ {
         "columnNumber": 88,
         "functionName": "ck",
         "lineNumber": 130,
         "scriptId": "57",
         "url": "https://s0.2mdn.net/879366/express_html_inpage_rendering_lib_200_287.js"
      }, {
         "columnNumber": 741,
         "functionName": "ak.ra",
         "lineNumber": 129,
         "scriptId": "57",
         "url": "https://s0.2mdn.net/879366/express_html_inpage_rendering_lib_200_287.js"
      }, {
         "columnNumber": 351,
         "functionName": "fk.ra",
         "lineNumber": 131,
         "scriptId": "57",
         "url": "https://s0.2mdn.net/879366/express_html_inpage_rendering_lib_200_287.js"
      }, {
         "columnNumber": 503,
         "functionName": "Z.U",
         "lineNumber": 156,
         "scriptId": "57",
         "url": "https://s0.2mdn.net/879366/express_html_inpage_rendering_lib_200_287.js"
      }, {
         "columnNumber": 332,
         "functionName": "zj",
         "lineNumber": 154,
         "scriptId": "57",
         "url": "https://s0.2mdn.net/879366/express_html_inpage_rendering_lib_200_287.js"
      }, {
         "columnNumber": 197,
         "functionName": "Tk",
         "lineNumber": 154,
         "scriptId": "57",
         "url": "https://s0.2mdn.net/879366/express_html_inpage_rendering_lib_200_287.js"
      }, {
         "columnNumber": 115,
         "functionName": "h.init",
         "lineNumber": 154,
         "scriptId": "57",
         "url": "https://s0.2mdn.net/879366/express_html_inpage_rendering_lib_200_287.js"
      }, {
         "columnNumber": 438,
         "functionName": "e.v",
         "lineNumber": 60,
         "scriptId": "57",
         "url": "https://s0.2mdn.net/879366/express_html_inpage_rendering_lib_200_287.js"
      }, {
         "columnNumber": 203,
         "functionName": "ag",
         "lineNumber": 64,
         "scriptId": "57",
         "url": "https://s0.2mdn.net/879366/express_html_inpage_rendering_lib_200_287.js"
      }, {
         "columnNumber": 87,
         "functionName": "Xf",
         "lineNumber": 64,
         "scriptId": "57",
         "url": "https://s0.2mdn.net/879366/express_html_inpage_rendering_lib_200_287.js"
      }, {
         "columnNumber": 214,
         "functionName": "P.C",
         "lineNumber": 63,
         "scriptId": "57",
         "url": "https://s0.2mdn.net/879366/express_html_inpage_rendering_lib_200_287.js"
      }, {
         "columnNumber": 1376,
         "functionName": "Gf",
         "lineNumber": 57,
         "scriptId": "57",
         "url": "https://s0.2mdn.net/879366/express_html_inpage_rendering_lib_200_287.js"
      } ]
   }
}
[1789275106.539][DEBUG]: DevTools WebSocket Event: Page.frameRequestedNavigation (session_id=ADD01671FB081D75F474B44D4C57A6D0) 8D801F2DEA53EC3F5B3A16235CEB322A {
   "disposition": "currentTab",
   "frameId": "8ADC0B2FF9C7BFE1DB0D2D1E7F0F1202",
   "reason": "initialFrameNavigation",
   "url": "https://s0.2mdn.net/sadbundle/11492486636898679053/index.html?ev=01_262"
}
[1789275106.539][DEBUG]: DevTools WebSocket Event: Page.frameStartedNavigating (session_id=ADD01671FB081D75F474B44D4C57A6D0) 8D801F2DEA53EC3F5B3A16235CEB322A {
   "frameId": "8ADC0B2FF9C7BFE1DB0D2D1E7F0F1202",
   "loaderId": "B4F32B98C52F1A60B5048E03328C8729",
   "navigationType": "differentDocument",
   "url": "https://s0.2mdn.net/sadbundle/11492486636898679053/index.html?ev=01_262"
}
[1789275106.539][DEBUG]: DevTools WebSocket Event: Page.frameStartedLoading (session_id=ADD01671FB081D75F474B44D4C57A6D0) 8D801F2DEA53EC3F5B3A16235CEB322A {
   "frameId": "8ADC0B2FF9C7BFE1DB0D2D1E7F0F1202"
}
[1789275106.599][DEBUG]: DevTools WebSocket Event: Page.frameAttached (session_id=ADD01671FB081D75F474B44D4C57A6D0) 8D801F2DEA53EC3F5B3A16235CEB322A {
   "frameId": "A7D5B809B4B4870CEF2796C253B510BE",
   "parentFrameId": "F6CAF62BE1ACC528930E97EFF58B6834",
   "stack": {
      "callFrames": [ {
         "columnNumber": 507,
         "functionName": "yd",
         "lineNumber": 82,
         "scriptId": "60",
         "url": "https://ep2.adtrafficquality.google/sodar/VFc2VJAc.js"
      }, {
         "columnNumber": 183,
         "functionName": "",
         "lineNumber": 84,
         "scriptId": "60",
         "url": "https://ep2.adtrafficquality.google/sodar/VFc2VJAc.js"
      }, {
         "columnNumber": 48,
         "functionName": "",
         "lineNumber": 64,
         "scriptId": "60",
         "url": "https://ep2.adtrafficquality.google/sodar/VFc2VJAc.js"
      }, {
         "columnNumber": 429,
         "functionName": "wc",
         "lineNumber": 64,
         "scriptId": "60",
         "url": "https://ep2.adtrafficquality.google/sodar/VFc2VJAc.js"
      }, {
         "columnNumber": 18,
         "functionName": "Ad",
         "lineNumber": 84,
         "scriptId": "60",
         "url": "https://ep2.adtrafficquality.google/sodar/VFc2VJAc.js"
      }, {
         "columnNumber": 371,
         "functionName": "",
         "lineNumber": 84,
         "scriptId": "60",
         "url": "https://ep2.adtrafficquality.google/sodar/VFc2VJAc.js"
      }, {
         "columnNumber": 379,
         "functionName": "",
         "lineNumber": 84,
         "scriptId": "60",
         "url": "https://ep2.adtrafficquality.google/sodar/VFc2VJAc.js"
      } ]
   }
}
[1789275106.600][DEBUG]: DevTools WebSocket Event: Page.frameRequestedNavigation (session_id=ADD01671FB081D75F474B44D4C57A6D0) 8D801F2DEA53EC3F5B3A16235CEB322A {
   "disposition": "currentTab",
   "frameId": "A7D5B809B4B4870CEF2796C253B510BE",
   "reason": "initialFrameNavigation",
   "url": "https://ep2.adtrafficquality.google/sodar/Klz6NWr5.html"
}
[1789275106.607][DEBUG]: DevTools WebSocket Event: Page.frameStartedNavigating (session_id=ADD01671FB081D75F474B44D4C57A6D0) 8D801F2DEA53EC3F5B3A16235CEB322A {
   "frameId": "A7D5B809B4B4870CEF2796C253B510BE",
   "loaderId": "1FB7F4B3F7AA952D4B187DCF3D0F93E3",
   "navigationType": "differentDocument",
   "url": "https://ep2.adtrafficquality.google/sodar/Klz6NWr5.html"
}
[1789275106.607][DEBUG]: DevTools WebSocket Event: Page.frameStartedLoading (session_id=ADD01671FB081D75F474B44D4C57A6D0) 8D801F2DEA53EC3F5B3A16235CEB322A {
   "frameId": "A7D5B809B4B4870CEF2796C253B510BE"
}
[1789275106.618][DEBUG]: DevTools WebSocket Event: Target.attachedToTarget (session_id=ADD01671FB081D75F474B44D4C57A6D0) 8D801F2DEA53EC3F5B3A16235CEB322A {
   "sessionId": "FA7A64D25D24AEA1ADE33673234F7057",
   "targetInfo": {
      "attached": true,
      "browserContextId": "090D8DB6DC06E523ACE0155686029545",
      "canAccessOpener": false,
      "parentFrameId": "29F52CAFB04BAC9C8A2533D6B5A50A65",
      "parentId": "8D801F2DEA53EC3F5B3A16235CEB322A",
      "targetId": "67BFBF8E12915B3594FCC267CEA5E0A3",
      "title": "",
      "type": "iframe",
      "url": ""
   },
   "waitingForDebugger": false
}
[1789275106.618][DEBUG]: DevTools WebSocket Command: Page.enable (id=19) (session_id=FA7A64D25D24AEA1ADE33673234F7057) FA7A64D25D24AEA1ADE33673234F7057 {
}
[1789275106.618][DEBUG]: DevTools WebSocket Command: Page.addScriptToEvaluateOnNewDocument (id=20) (session_id=FA7A64D25D24AEA1ADE33673234F7057) FA7A64D25D24AEA1ADE33673234F7057 {
   "source": "(function () {window.cdc_adoQpoasnfa76pfcZLmcfl_Array = window.Array;window.cdc_adoQpoasnfa76pfcZLmcfl_Object = window.Object;window.cdc_adoQpoasnfa76pfcZLmcfl_Promise = window.Promise;window.cdc_a..."
}
[1789275106.618][DEBUG]: DevTools WebSocket Command: Runtime.evaluate (id=21) (session_id=FA7A64D25D24AEA1ADE33673234F7057) FA7A64D25D24AEA1ADE33673234F7057 {
   "expression": "(function () {window.cdc_adoQpoasnfa76pfcZLmcfl_Array = window.Array;window.cdc_adoQpoasnfa76pfcZLmcfl_Object = window.Object;window.cdc_adoQpoasnfa76pfcZLmcfl_Promise = window.Promise;window.cdc_a..."
}
[1789275106.620][DEBUG]: DevTools WebSocket Command: Target.setAutoAttach (id=22) (session_id=FA7A64D25D24AEA1ADE33673234F7057) FA7A64D25D24AEA1ADE33673234F7057 {
   "autoAttach": true,
   "flatten": true,
   "waitForDebuggerOnStart": false
}
[1789275106.634][DEBUG]: DevTools WebSocket Event: Target.attachedToTarget (session_id=ADD01671FB081D75F474B44D4C57A6D0) 8D801F2DEA53EC3F5B3A16235CEB322A {
   "sessionId": "2DC354B652A0E0D050DA1E2373CEAA68",
   "targetInfo": {
      "attached": true,
      "browserContextId": "090D8DB6DC06E523ACE0155686029545",
      "canAccessOpener": false,
      "parentFrameId": "F6CAF62BE1ACC528930E97EFF58B6834",
      "parentId": "8D801F2DEA53EC3F5B3A16235CEB322A",
      "targetId": "8ADC0B2FF9C7BFE1DB0D2D1E7F0F1202",
      "title": "",
      "type": "iframe",
      "url": ""
   },
   "waitingForDebugger": false
}
[1789275106.634][DEBUG]: DevTools WebSocket Command: Page.enable (id=23) (session_id=2DC354B652A0E0D050DA1E2373CEAA68) 2DC354B652A0E0D050DA1E2373CEAA68 {
}
[1789275106.634][DEBUG]: DevTools WebSocket Command: Page.addScriptToEvaluateOnNewDocument (id=24) (session_id=2DC354B652A0E0D050DA1E2373CEAA68) 2DC354B652A0E0D050DA1E2373CEAA68 {
   "source": "(function () {window.cdc_adoQpoasnfa76pfcZLmcfl_Array = window.Array;window.cdc_adoQpoasnfa76pfcZLmcfl_Object = window.Object;window.cdc_adoQpoasnfa76pfcZLmcfl_Promise = window.Promise;window.cdc_a..."
}
[1789275106.634][DEBUG]: DevTools WebSocket Command: Runtime.evaluate (id=25) (session_id=2DC354B652A0E0D050DA1E2373CEAA68) 2DC354B652A0E0D050DA1E2373CEAA68 {
   "expression": "(function () {window.cdc_adoQpoasnfa76pfcZLmcfl_Array = window.Array;window.cdc_adoQpoasnfa76pfcZLmcfl_Object = window.Object;window.cdc_adoQpoasnfa76pfcZLmcfl_Promise = window.Promise;window.cdc_a..."
}
[1789275106.635][DEBUG]: DevTools WebSocket Command: Target.setAutoAttach (id=26) (session_id=2DC354B652A0E0D050DA1E2373CEAA68) 2DC354B652A0E0D050DA1E2373CEAA68 {
   "autoAttach": true,
   "flatten": true,
   "waitForDebuggerOnStart": false
}
[1789275106.649][DEBUG]: DevTools WebSocket Event: Target.targetInfoChanged (session_id=ADD01671FB081D75F474B44D4C57A6D0) 8D801F2DEA53EC3F5B3A16235CEB322A {
   "targetInfo": {
      "attached": true,
      "browserContextId": "090D8DB6DC06E523ACE0155686029545",
      "canAccessOpener": false,
      "parentFrameId": "29F52CAFB04BAC9C8A2533D6B5A50A65",
      "parentId": "8D801F2DEA53EC3F5B3A16235CEB322A",
      "targetId": "67BFBF8E12915B3594FCC267CEA5E0A3",
      "title": "https://s0.2mdn.net/sadbundle/11492486636898679053/index.html?ev=01_262",
      "type": "iframe",
      "url": "https://s0.2mdn.net/sadbundle/11492486636898679053/index.html?ev=01_262"
   }
}
[1789275106.666][DEBUG]: DevTools WebSocket Event: Target.attachedToTarget (session_id=ADD01671FB081D75F474B44D4C57A6D0) 8D801F2DEA53EC3F5B3A16235CEB322A {
   "sessionId": "7060DFF1CD8B11FAFBE8FD518EF83770",
   "targetInfo": {
      "attached": true,
      "browserContextId": "090D8DB6DC06E523ACE0155686029545",
      "canAccessOpener": false,
      "parentFrameId": "F6CAF62BE1ACC528930E97EFF58B6834",
      "parentId": "8D801F2DEA53EC3F5B3A16235CEB322A",
      "targetId": "A7D5B809B4B4870CEF2796C253B510BE",
      "title": "",
      "type": "iframe",
      "url": ""
   },
   "waitingForDebugger": false
}
[1789275106.666][DEBUG]: DevTools WebSocket Command: Page.enable (id=27) (session_id=7060DFF1CD8B11FAFBE8FD518EF83770) 7060DFF1CD8B11FAFBE8FD518EF83770 {
}
[1789275106.666][DEBUG]: DevTools WebSocket Command: Page.addScriptToEvaluateOnNewDocument (id=28) (session_id=7060DFF1CD8B11FAFBE8FD518EF83770) 7060DFF1CD8B11FAFBE8FD518EF83770 {
   "source": "(function () {window.cdc_adoQpoasnfa76pfcZLmcfl_Array = window.Array;window.cdc_adoQpoasnfa76pfcZLmcfl_Object = window.Object;window.cdc_adoQpoasnfa76pfcZLmcfl_Promise = window.Promise;window.cdc_a..."
}
[1789275106.667][DEBUG]: DevTools WebSocket Command: Runtime.evaluate (id=29) (session_id=7060DFF1CD8B11FAFBE8FD518EF83770) 7060DFF1CD8B11FAFBE8FD518EF83770 {
   "expression": "(function () {window.cdc_adoQpoasnfa76pfcZLmcfl_Array = window.Array;window.cdc_adoQpoasnfa76pfcZLmcfl_Object = window.Object;window.cdc_adoQpoasnfa76pfcZLmcfl_Promise = window.Promise;window.cdc_a..."
}
[1789275106.667][DEBUG]: DevTools WebSocket Command: Target.setAutoAttach (id=30) (session_id=7060DFF1CD8B11FAFBE8FD518EF83770) 7060DFF1CD8B11FAFBE8FD518EF83770 {
   "autoAttach": true,
   "flatten": true,
   "waitForDebuggerOnStart": false
}
[1789275106.673][DEBUG]: DevTools WebSocket Event: Page.frameAttached (session_id=ADD01671FB081D75F474B44D4C57A6D0) 8D801F2DEA53EC3F5B3A16235CEB322A {
   "frameId": "8B70F18C573C639B04470F16D6E807FB",
   "parentFrameId": "29F52CAFB04BAC9C8A2533D6B5A50A65",
   "stack": {
      "callFrames": [ {
         "columnNumber": 507,
         "functionName": "yd",
         "lineNumber": 82,
         "scriptId": "60",
         "url": "https://ep2.adtrafficquality.google/sodar/VFc2VJAc.js"
      }, {
         "columnNumber": 183,
         "functionName": "",
         "lineNumber": 84,
         "scriptId": "60",
         "url": "https://ep2.adtrafficquality.google/sodar/VFc2VJAc.js"
      }, {
         "columnNumber": 48,
         "functionName": "",
         "lineNumber": 64,
         "scriptId": "60",
         "url": "https://ep2.adtrafficquality.google/sodar/VFc2VJAc.js"
      }, {
         "columnNumber": 429,
         "functionName": "wc",
         "lineNumber": 64,
         "scriptId": "60",
         "url": "https://ep2.adtrafficquality.google/sodar/VFc2VJAc.js"
      }, {
         "columnNumber": 18,
         "functionName": "Ad",
         "lineNumber": 84,
         "scriptId": "60",
         "url": "https://ep2.adtrafficquality.google/sodar/VFc2VJAc.js"
      }, {
         "columnNumber": 371,
         "functionName": "",
         "lineNumber": 84,
         "scriptId": "60",
         "url": "https://ep2.adtrafficquality.google/sodar/VFc2VJAc.js"
      }, {
         "columnNumber": 379,
         "functionName": "",
         "lineNumber": 84,
         "scriptId": "60",
         "url": "https://ep2.adtrafficquality.google/sodar/VFc2VJAc.js"
      } ]
   }
}
[1789275106.674][DEBUG]: DevTools WebSocket Event: Page.frameRequestedNavigation (session_id=ADD01671FB081D75F474B44D4C57A6D0) 8D801F2DEA53EC3F5B3A16235CEB322A {
   "disposition": "currentTab",
   "frameId": "8B70F18C573C639B04470F16D6E807FB",
   "reason": "initialFrameNavigation",
   "url": "https://ep2.adtrafficquality.google/sodar/Klz6NWr5.html"
}
[1789275106.681][DEBUG]: DevTools WebSocket Event: Page.frameStartedNavigating (session_id=ADD01671FB081D75F474B44D4C57A6D0) 8D801F2DEA53EC3F5B3A16235CEB322A {
   "frameId": "8B70F18C573C639B04470F16D6E807FB",
   "loaderId": "6ED0F9D4819FEA68F3F3A9298132C7CD",
   "navigationType": "differentDocument",
   "url": "https://ep2.adtrafficquality.google/sodar/Klz6NWr5.html"
}
[1789275106.681][DEBUG]: DevTools WebSocket Event: Page.frameStartedLoading (session_id=ADD01671FB081D75F474B44D4C57A6D0) 8D801F2DEA53EC3F5B3A16235CEB322A {
   "frameId": "8B70F18C573C639B04470F16D6E807FB"
}
[1789275106.691][DEBUG]: DevTools WebSocket Response: Page.enable (id=19) (session_id=FA7A64D25D24AEA1ADE33673234F7057) FA7A64D25D24AEA1ADE33673234F7057 {
}
[1789275106.691][DEBUG]: DevTools WebSocket Response: Page.addScriptToEvaluateOnNewDocument (id=20) (session_id=FA7A64D25D24AEA1ADE33673234F7057) FA7A64D25D24AEA1ADE33673234F7057 {
   "identifier": "1"
}
[1789275106.691][DEBUG]: DevTools WebSocket Response: Runtime.evaluate (id=21) (session_id=FA7A64D25D24AEA1ADE33673234F7057) FA7A64D25D24AEA1ADE33673234F7057 {
   "result": {
      "type": "undefined"
   }
}
[1789275106.691][DEBUG]: DevTools WebSocket Response: Target.setAutoAttach (id=22) (session_id=FA7A64D25D24AEA1ADE33673234F7057) FA7A64D25D24AEA1ADE33673234F7057 {
}
[1789275106.698][DEBUG]: DevTools WebSocket Event: Target.targetInfoChanged (session_id=ADD01671FB081D75F474B44D4C57A6D0) 8D801F2DEA53EC3F5B3A16235CEB322A {
   "targetInfo": {
      "attached": true,
      "browserContextId": "090D8DB6DC06E523ACE0155686029545",
      "canAccessOpener": false,
      "parentFrameId": "F6CAF62BE1ACC528930E97EFF58B6834",
      "parentId": "8D801F2DEA53EC3F5B3A16235CEB322A",
      "targetId": "8ADC0B2FF9C7BFE1DB0D2D1E7F0F1202",
      "title": "https://s0.2mdn.net/sadbundle/11492486636898679053/index.html?ev=01_262",
      "type": "iframe",
      "url": "https://s0.2mdn.net/sadbundle/11492486636898679053/index.html?ev=01_262"
   }
}
[1789275106.703][DEBUG]: DevTools WebSocket Event: Target.targetInfoChanged (session_id=ADD01671FB081D75F474B44D4C57A6D0) 8D801F2DEA53EC3F5B3A16235CEB322A {
   "targetInfo": {
      "attached": true,
      "browserContextId": "090D8DB6DC06E523ACE0155686029545",
      "canAccessOpener": false,
      "parentFrameId": "F6CAF62BE1ACC528930E97EFF58B6834",
      "parentId": "8D801F2DEA53EC3F5B3A16235CEB322A",
      "targetId": "A7D5B809B4B4870CEF2796C253B510BE",
      "title": "https://ep2.adtrafficquality.google/sodar/Klz6NWr5.html",
      "type": "iframe",
      "url": "https://ep2.adtrafficquality.google/sodar/Klz6NWr5.html"
   }
}
[1789275106.708][DEBUG]: DevTools WebSocket Event: Target.attachedToTarget (session_id=ADD01671FB081D75F474B44D4C57A6D0) 8D801F2DEA53EC3F5B3A16235CEB322A {
   "sessionId": "6BACAE54BED44AB8AD3D0FC3CF4131CF",
   "targetInfo": {
      "attached": true,
      "browserContextId": "090D8DB6DC06E523ACE0155686029545",
      "canAccessOpener": false,
      "parentFrameId": "29F52CAFB04BAC9C8A2533D6B5A50A65",
      "parentId": "8D801F2DEA53EC3F5B3A16235CEB322A",
      "targetId": "8B70F18C573C639B04470F16D6E807FB",
      "title": "",
      "type": "iframe",
      "url": ""
   },
   "waitingForDebugger": false
}
[1789275106.708][DEBUG]: DevTools WebSocket Command: Page.enable (id=31) (session_id=6BACAE54BED44AB8AD3D0FC3CF4131CF) 6BACAE54BED44AB8AD3D0FC3CF4131CF {
}
[1789275106.708][DEBUG]: DevTools WebSocket Command: Page.addScriptToEvaluateOnNewDocument (id=32) (session_id=6BACAE54BED44AB8AD3D0FC3CF4131CF) 6BACAE54BED44AB8AD3D0FC3CF4131CF {
   "source": "(function () {window.cdc_adoQpoasnfa76pfcZLmcfl_Array = window.Array;window.cdc_adoQpoasnfa76pfcZLmcfl_Object = window.Object;window.cdc_adoQpoasnfa76pfcZLmcfl_Promise = window.Promise;window.cdc_a..."
}
[1789275106.708][DEBUG]: DevTools WebSocket Command: Runtime.evaluate (id=33) (session_id=6BACAE54BED44AB8AD3D0FC3CF4131CF) 6BACAE54BED44AB8AD3D0FC3CF4131CF {
   "expression": "(function () {window.cdc_adoQpoasnfa76pfcZLmcfl_Array = window.Array;window.cdc_adoQpoasnfa76pfcZLmcfl_Object = window.Object;window.cdc_adoQpoasnfa76pfcZLmcfl_Promise = window.Promise;window.cdc_a..."
}
[1789275106.708][DEBUG]: DevTools WebSocket Command: Target.setAutoAttach (id=34) (session_id=6BACAE54BED44AB8AD3D0FC3CF4131CF) 6BACAE54BED44AB8AD3D0FC3CF4131CF {
   "autoAttach": true,
   "flatten": true,
   "waitForDebuggerOnStart": false
}
[1789275106.724][DEBUG]: DevTools WebSocket Event: Page.frameStoppedLoading (session_id=7060DFF1CD8B11FAFBE8FD518EF83770) 7060DFF1CD8B11FAFBE8FD518EF83770 {
   "frameId": "A7D5B809B4B4870CEF2796C253B510BE"
}
[1789275106.724][DEBUG]: DevTools WebSocket Response: Page.enable (id=27) (session_id=7060DFF1CD8B11FAFBE8FD518EF83770) 7060DFF1CD8B11FAFBE8FD518EF83770 {
}
[1789275106.725][DEBUG]: DevTools WebSocket Response: Page.addScriptToEvaluateOnNewDocument (id=28) (session_id=7060DFF1CD8B11FAFBE8FD518EF83770) 7060DFF1CD8B11FAFBE8FD518EF83770 {
   "identifier": "1"
}
[1789275106.725][DEBUG]: DevTools WebSocket Response: Runtime.evaluate (id=29) (session_id=7060DFF1CD8B11FAFBE8FD518EF83770) 7060DFF1CD8B11FAFBE8FD518EF83770 {
   "result": {
      "type": "undefined"
   }
}
[1789275106.725][DEBUG]: DevTools WebSocket Response: Target.setAutoAttach (id=30) (session_id=7060DFF1CD8B11FAFBE8FD518EF83770) 7060DFF1CD8B11FAFBE8FD518EF83770 {
}
[1789275106.725][DEBUG]: DevTools WebSocket Response: Page.enable (id=23) (session_id=2DC354B652A0E0D050DA1E2373CEAA68) 2DC354B652A0E0D050DA1E2373CEAA68 {
}
[1789275106.725][DEBUG]: DevTools WebSocket Response: Page.addScriptToEvaluateOnNewDocument (id=24) (session_id=2DC354B652A0E0D050DA1E2373CEAA68) 2DC354B652A0E0D050DA1E2373CEAA68 {
   "identifier": "1"
}
[1789275106.725][DEBUG]: DevTools WebSocket Response: Runtime.evaluate (id=25) (session_id=2DC354B652A0E0D050DA1E2373CEAA68) 2DC354B652A0E0D050DA1E2373CEAA68 {
   "result": {
      "type": "undefined"
   }
}
[1789275106.725][DEBUG]: DevTools WebSocket Response: Target.setAutoAttach (id=26) (session_id=2DC354B652A0E0D050DA1E2373CEAA68) 2DC354B652A0E0D050DA1E2373CEAA68 {
}
[1789275106.738][DEBUG]: DevTools WebSocket Event: Target.targetInfoChanged (session_id=ADD01671FB081D75F474B44D4C57A6D0) 8D801F2DEA53EC3F5B3A16235CEB322A {
   "targetInfo": {
      "attached": true,
      "browserContextId": "090D8DB6DC06E523ACE0155686029545",
      "canAccessOpener": false,
      "parentFrameId": "29F52CAFB04BAC9C8A2533D6B5A50A65",
      "parentId": "8D801F2DEA53EC3F5B3A16235CEB322A",
      "targetId": "8B70F18C573C639B04470F16D6E807FB",
      "title": "https://ep2.adtrafficquality.google/sodar/Klz6NWr5.html",
      "type": "iframe",
      "url": "https://ep2.adtrafficquality.google/sodar/Klz6NWr5.html"
   }
}
[1789275106.742][DEBUG]: DevTools WebSocket Event: Page.domContentEventFired (session_id=2DC354B652A0E0D050DA1E2373CEAA68) 2DC354B652A0E0D050DA1E2373CEAA68 {
   "timestamp": 2353.422341
}
[1789275106.743][DEBUG]: DevTools WebSocket Response: Page.enable (id=31) (session_id=6BACAE54BED44AB8AD3D0FC3CF4131CF) 6BACAE54BED44AB8AD3D0FC3CF4131CF {
}
[1789275106.743][DEBUG]: DevTools WebSocket Response: Page.addScriptToEvaluateOnNewDocument (id=32) (session_id=6BACAE54BED44AB8AD3D0FC3CF4131CF) 6BACAE54BED44AB8AD3D0FC3CF4131CF {
   "identifier": "1"
}
[1789275106.743][DEBUG]: DevTools WebSocket Response: Runtime.evaluate (id=33) (session_id=6BACAE54BED44AB8AD3D0FC3CF4131CF) 6BACAE54BED44AB8AD3D0FC3CF4131CF {
   "result": {
      "type": "undefined"
   }
}
[1789275106.746][DEBUG]: DevTools WebSocket Response: Target.setAutoAttach (id=34) (session_id=6BACAE54BED44AB8AD3D0FC3CF4131CF) 6BACAE54BED44AB8AD3D0FC3CF4131CF {
}
[1789275106.747][DEBUG]: DevTools WebSocket Command: Runtime.enable (id=35) (session_id=6BACAE54BED44AB8AD3D0FC3CF4131CF) 6BACAE54BED44AB8AD3D0FC3CF4131CF {
}
[1789275106.747][DEBUG]: DevTools WebSocket Event: Page.domContentEventFired (session_id=FA7A64D25D24AEA1ADE33673234F7057) FA7A64D25D24AEA1ADE33673234F7057 {
   "timestamp": 2353.437423
}
[1789275106.747][DEBUG]: DevTools WebSocket Event: Page.domContentEventFired (session_id=6BACAE54BED44AB8AD3D0FC3CF4131CF) 6BACAE54BED44AB8AD3D0FC3CF4131CF {
   "timestamp": 2353.435698
}
[1789275106.747][DEBUG]: DevTools WebSocket Event: Page.loadEventFired (session_id=6BACAE54BED44AB8AD3D0FC3CF4131CF) 6BACAE54BED44AB8AD3D0FC3CF4131CF {
   "timestamp": 2353.438555
}
[1789275106.747][DEBUG]: DevTools WebSocket Event: Page.frameStoppedLoading (session_id=6BACAE54BED44AB8AD3D0FC3CF4131CF) 6BACAE54BED44AB8AD3D0FC3CF4131CF {
   "frameId": "8B70F18C573C639B04470F16D6E807FB"
}
[1789275106.750][DEBUG]: DevTools WebSocket Event: Runtime.executionContextCreated (session_id=6BACAE54BED44AB8AD3D0FC3CF4131CF) 6BACAE54BED44AB8AD3D0FC3CF4131CF {
   "context": {
      "auxData": {
         "frameId": "8B70F18C573C639B04470F16D6E807FB",
         "isDefault": true,
         "type": "default"
      },
      "id": 2,
      "name": "",
      "origin": "https://ep2.adtrafficquality.google",
      "uniqueId": "7266395357087348119.-7351054869024190002"
   }
}
[1789275106.750][DEBUG]: DevTools WebSocket Response: Runtime.enable (id=35) (session_id=6BACAE54BED44AB8AD3D0FC3CF4131CF) 6BACAE54BED44AB8AD3D0FC3CF4131CF {
}
[1789275106.750][DEBUG]: DevTools WebSocket Command: Runtime.enable (id=36) (session_id=7060DFF1CD8B11FAFBE8FD518EF83770) 7060DFF1CD8B11FAFBE8FD518EF83770 {
}
[1789275106.751][DEBUG]: DevTools WebSocket Event: Runtime.executionContextCreated (session_id=7060DFF1CD8B11FAFBE8FD518EF83770) 7060DFF1CD8B11FAFBE8FD518EF83770 {
   "context": {
      "auxData": {
         "frameId": "A7D5B809B4B4870CEF2796C253B510BE",
         "isDefault": true,
         "type": "default"
      },
      "id": 1,
      "name": "",
      "origin": "https://ep2.adtrafficquality.google",
      "uniqueId": "1889045255160962884.-5588825696051213020"
   }
}
[1789275106.752][DEBUG]: DevTools WebSocket Response: Runtime.enable (id=36) (session_id=7060DFF1CD8B11FAFBE8FD518EF83770) 7060DFF1CD8B11FAFBE8FD518EF83770 {
}
[1789275106.752][DEBUG]: DevTools WebSocket Command: Runtime.enable (id=37) (session_id=2DC354B652A0E0D050DA1E2373CEAA68) 2DC354B652A0E0D050DA1E2373CEAA68 {
}
[1789275106.752][DEBUG]: DevTools WebSocket Event: Runtime.executionContextCreated (session_id=2DC354B652A0E0D050DA1E2373CEAA68) 2DC354B652A0E0D050DA1E2373CEAA68 {
   "context": {
      "auxData": {
         "frameId": "8ADC0B2FF9C7BFE1DB0D2D1E7F0F1202",
         "isDefault": true,
         "type": "default"
      },
      "id": 2,
      "name": "",
      "origin": "https://s0.2mdn.net",
      "uniqueId": "4744650587464347021.2742201712032591811"
   }
}
[1789275106.752][DEBUG]: DevTools WebSocket Response: Runtime.enable (id=37) (session_id=2DC354B652A0E0D050DA1E2373CEAA68) 2DC354B652A0E0D050DA1E2373CEAA68 {
}
[1789275106.752][DEBUG]: DevTools WebSocket Command: Runtime.enable (id=38) (session_id=FA7A64D25D24AEA1ADE33673234F7057) FA7A64D25D24AEA1ADE33673234F7057 {
}
[1789275106.753][DEBUG]: DevTools WebSocket Event: Runtime.executionContextCreated (session_id=FA7A64D25D24AEA1ADE33673234F7057) FA7A64D25D24AEA1ADE33673234F7057 {
   "context": {
      "auxData": {
         "frameId": "67BFBF8E12915B3594FCC267CEA5E0A3",
         "isDefault": true,
         "type": "default"
      },
      "id": 1,
      "name": "",
      "origin": "https://s0.2mdn.net",
      "uniqueId": "6116413340663436901.-4971069881254571516"
   }
}
[1789275106.753][DEBUG]: DevTools WebSocket Response: Runtime.enable (id=38) (session_id=FA7A64D25D24AEA1ADE33673234F7057) FA7A64D25D24AEA1ADE33673234F7057 {
}
[1789275106.784][DEBUG]: DevTools WebSocket Event: Runtime.executionContextCreated (session_id=ADD01671FB081D75F474B44D4C57A6D0) 8D801F2DEA53EC3F5B3A16235CEB322A {
   "context": {
      "auxData": {
         "frameId": "67BFBF8E12915B3594FCC267CEA5E0A3",
         "isDefault": true,
         "type": "default"
      },
      "id": 23,
      "name": "",
      "origin": "https://www.betexplorer.com",
      "uniqueId": "-3525694657794350991.-359049721724713536"
   }
}
[1789275106.815][DEBUG]: DevTools WebSocket Event: Runtime.executionContextCreated (session_id=ADD01671FB081D75F474B44D4C57A6D0) 8D801F2DEA53EC3F5B3A16235CEB322A {
   "context": {
      "auxData": {
         "frameId": "8ADC0B2FF9C7BFE1DB0D2D1E7F0F1202",
         "isDefault": true,
         "type": "default"
      },
      "id": 24,
      "name": "",
      "origin": "https://www.betexplorer.com",
      "uniqueId": "4033026074763578292.-3921987510531203765"
   }
}
[1789275106.829][DEBUG]: DevTools WebSocket Event: Page.frameDetached (session_id=ADD01671FB081D75F474B44D4C57A6D0) 8D801F2DEA53EC3F5B3A16235CEB322A {
   "frameId": "67BFBF8E12915B3594FCC267CEA5E0A3",
   "reason": "swap"
}
[1789275106.829][DEBUG]: DevTools WebSocket Event: Runtime.executionContextDestroyed (session_id=ADD01671FB081D75F474B44D4C57A6D0) 8D801F2DEA53EC3F5B3A16235CEB322A {
   "executionContextId": 23,
   "executionContextUniqueId": "-3525694657794350991.-359049721724713536"
}
[1789275106.832][DEBUG]: DevTools WebSocket Event: Page.frameDetached (session_id=ADD01671FB081D75F474B44D4C57A6D0) 8D801F2DEA53EC3F5B3A16235CEB322A {
   "frameId": "8ADC0B2FF9C7BFE1DB0D2D1E7F0F1202",
   "reason": "swap"
}
[1789275106.832][DEBUG]: DevTools WebSocket Event: Runtime.executionContextDestroyed (session_id=ADD01671FB081D75F474B44D4C57A6D0) 8D801F2DEA53EC3F5B3A16235CEB322A {
   "executionContextId": 24,
   "executionContextUniqueId": "4033026074763578292.-3921987510531203765"
}
[1789275106.836][DEBUG]: DevTools WebSocket Event: Page.frameDetached (session_id=ADD01671FB081D75F474B44D4C57A6D0) 8D801F2DEA53EC3F5B3A16235CEB322A {
   "frameId": "A7D5B809B4B4870CEF2796C253B510BE",
   "reason": "swap"
}
[1789275106.842][DEBUG]: DevTools WebSocket Event: Page.frameDetached (session_id=ADD01671FB081D75F474B44D4C57A6D0) 8D801F2DEA53EC3F5B3A16235CEB322A {
   "frameId": "8B70F18C573C639B04470F16D6E807FB",
   "reason": "swap"
}
[1789275106.886][DEBUG]: DevTools WebSocket Event: Page.loadEventFired (session_id=FA7A64D25D24AEA1ADE33673234F7057) FA7A64D25D24AEA1ADE33673234F7057 {
   "timestamp": 2353.585898
}
[1789275106.886][DEBUG]: DevTools WebSocket Event: Page.frameStoppedLoading (session_id=FA7A64D25D24AEA1ADE33673234F7057) FA7A64D25D24AEA1ADE33673234F7057 {
   "frameId": "67BFBF8E12915B3594FCC267CEA5E0A3"
}
[1789275106.887][DEBUG]: DevTools WebSocket Event: Page.loadEventFired (session_id=2DC354B652A0E0D050DA1E2373CEAA68) 2DC354B652A0E0D050DA1E2373CEAA68 {
   "timestamp": 2353.587405
}
[1789275106.887][DEBUG]: DevTools WebSocket Event: Page.frameStoppedLoading (session_id=2DC354B652A0E0D050DA1E2373CEAA68) 2DC354B652A0E0D050DA1E2373CEAA68 {
   "frameId": "8ADC0B2FF9C7BFE1DB0D2D1E7F0F1202"
}
[1789275106.894][DEBUG]: DevTools WebSocket Event: Page.frameStoppedLoading (session_id=ADD01671FB081D75F474B44D4C57A6D0) 8D801F2DEA53EC3F5B3A16235CEB322A {
   "frameId": "29F52CAFB04BAC9C8A2533D6B5A50A65"
}
[1789275106.901][DEBUG]: DevTools WebSocket Event: Page.frameStoppedLoading (session_id=ADD01671FB081D75F474B44D4C57A6D0) 8D801F2DEA53EC3F5B3A16235CEB322A {
   "frameId": "F6CAF62BE1ACC528930E97EFF58B6834"
}
[1789275106.946][DEBUG]: DevTools WebSocket Event: Page.frameAttached (session_id=6BACAE54BED44AB8AD3D0FC3CF4131CF) 6BACAE54BED44AB8AD3D0FC3CF4131CF {
   "frameId": "70950C37F3ACF131E4CABF3B2064F2E6",
   "parentFrameId": "8B70F18C573C639B04470F16D6E807FB",
   "stack": {
      "callFrames": [ {
         "columnNumber": 34493,
         "functionName": "eval",
         "lineNumber": 1760,
         "scriptId": "11",
         "url": ""
      }, {
         "columnNumber": 27665,
         "functionName": "Dt",
         "lineNumber": 1760,
         "scriptId": "11",
         "url": ""
      }, {
         "columnNumber": 53170,
         "functionName": "eval",
         "lineNumber": 1760,
         "scriptId": "11",
         "url": ""
      }, {
         "columnNumber": 22343,
         "functionName": "gq",
         "lineNumber": 1760,
         "scriptId": "11",
         "url": ""
      }, {
         "columnNumber": 17254,
         "functionName": "LI",
         "lineNumber": 1760,
         "scriptId": "11",
         "url": ""
      }, {
         "columnNumber": 18099,
         "functionName": "P",
         "lineNumber": 1760,
         "scriptId": "11",
         "url": ""
      }, {
         "columnNumber": 31829,
         "functionName": "Wx",
         "lineNumber": 1760,
         "scriptId": "11",
         "url": ""
      }, {
         "columnNumber": 30075,
         "functionName": "U",
         "lineNumber": 1760,
         "scriptId": "11",
         "url": ""
      }, {
         "columnNumber": 57022,
         "functionName": "Krk_",
         "lineNumber": 1760,
         "scriptId": "11",
         "url": ""
      }, {
         "columnNumber": 5507,
         "functionName": "Lm",
         "lineNumber": 1760,
         "scriptId": "11",
         "url": ""
      }, {
         "columnNumber": 28225,
         "functionName": "EC",
         "lineNumber": 1760,
         "scriptId": "11",
         "url": ""
      }, {
         "columnNumber": 15243,
         "functionName": "ZV",
         "lineNumber": 1760,
         "scriptId": "11",
         "url": ""
      }, {
         "columnNumber": 30652,
         "functionName": "y3",
         "lineNumber": 1760,
         "scriptId": "11",
         "url": ""
      }, {
         "columnNumber": 73,
         "functionName": "yc",
         "lineNumber": 72,
         "scriptId": "3",
         "url": "https://ep2.adtrafficquality.google/sodar/Klz6NWr5.html"
      }, {
         "columnNumber": 251,
         "functionName": "",
         "lineNumber": 70,
         "scriptId": "3",
         "url": "https://ep2.adtrafficquality.google/sodar/Klz6NWr5.html"
      }, {
         "columnNumber": 438,
         "functionName": "e.ba",
         "lineNumber": 43,
         "scriptId": "3",
         "url": "https://ep2.adtrafficquality.google/sodar/Klz6NWr5.html"
      }, {
         "columnNumber": 208,
         "functionName": "yb",
         "lineNumber": 47,
         "scriptId": "3",
         "url": "https://ep2.adtrafficquality.google/sodar/Klz6NWr5.html"
      }, {
         "columnNumber": 89,
         "functionName": "ub",
         "lineNumber": 47,
         "scriptId": "3",
         "url": "https://ep2.adtrafficquality.google/sodar/Klz6NWr5.html"
      }, {
         "columnNumber": 263,
         "functionName": "F.Ia",
         "lineNumber": 46,
         "scriptId": "3",
         "url": "https://ep2.adtrafficquality.google/sodar/Klz6NWr5.html"
      }, "..." ]
   }
}
[1789275106.948][DEBUG]: DevTools WebSocket Event: Page.frameRequestedNavigation (session_id=6BACAE54BED44AB8AD3D0FC3CF4131CF) 6BACAE54BED44AB8AD3D0FC3CF4131CF {
   "disposition": "currentTab",
   "frameId": "70950C37F3ACF131E4CABF3B2064F2E6",
   "reason": "initialFrameNavigation",
   "url": "about:blank"
}
[1789275106.948][DEBUG]: DevTools WebSocket Event: Page.frameNavigated (session_id=6BACAE54BED44AB8AD3D0FC3CF4131CF) 6BACAE54BED44AB8AD3D0FC3CF4131CF {
   "frame": {
      "adFrameStatus": {
         "adFrameType": "none",
         "explanations": [  ]
      },
      "crossOriginIsolatedContextType": "NotIsolatedFeatureDisabled",
      "domainAndRegistry": "",
      "gatedAPIFeatures": [  ],
      "id": "70950C37F3ACF131E4CABF3B2064F2E6",
      "loaderId": "C337B2BCCCFB5CFEF316DCC273229F9C",
      "mimeType": "text/html",
      "name": "",
      "parentId": "8B70F18C573C639B04470F16D6E807FB",
      "secureContextType": "Secure",
      "securityOrigin": "://",
      "securityOriginDetails": {
         "isLocalhost": false
      },
      "url": "about:blank"
   },
   "type": "Navigation"
}
[1789275106.949][DEBUG]: DevTools WebSocket Event: Page.frameStartedLoading (session_id=6BACAE54BED44AB8AD3D0FC3CF4131CF) 6BACAE54BED44AB8AD3D0FC3CF4131CF {
   "frameId": "70950C37F3ACF131E4CABF3B2064F2E6"
}
[1789275106.952][DEBUG]: DevTools WebSocket Event: Runtime.executionContextCreated (session_id=6BACAE54BED44AB8AD3D0FC3CF4131CF) 6BACAE54BED44AB8AD3D0FC3CF4131CF {
   "context": {
      "auxData": {
         "frameId": "70950C37F3ACF131E4CABF3B2064F2E6",
         "isDefault": true,
         "type": "default"
      },
      "id": 3,
      "name": "",
      "origin": "https://ep2.adtrafficquality.google",
      "uniqueId": "-4499670853540416714.379377226593500629"
   }
}
[1789275106.952][DEBUG]: DevTools WebSocket Event: Page.frameStoppedLoading (session_id=6BACAE54BED44AB8AD3D0FC3CF4131CF) 6BACAE54BED44AB8AD3D0FC3CF4131CF {
   "frameId": "70950C37F3ACF131E4CABF3B2064F2E6"
}
[1789275106.957][DEBUG]: DevTools WebSocket Event: Page.frameAttached (session_id=7060DFF1CD8B11FAFBE8FD518EF83770) 7060DFF1CD8B11FAFBE8FD518EF83770 {
   "frameId": "4833DE6BB3A60ED1B9FEC55BA71DECB4",
   "parentFrameId": "A7D5B809B4B4870CEF2796C253B510BE",
   "stack": {
      "callFrames": [ {
         "columnNumber": 34493,
         "functionName": "eval",
         "lineNumber": 436,
         "scriptId": "7",
         "url": ""
      }, {
         "columnNumber": 27665,
         "functionName": "Dt",
         "lineNumber": 436,
         "scriptId": "7",
         "url": ""
      }, {
         "columnNumber": 24630,
         "functionName": "sC",
         "lineNumber": 436,
         "scriptId": "7",
         "url": ""
      }, {
         "columnNumber": 54155,
         "functionName": "eval",
         "lineNumber": 436,
         "scriptId": "7",
         "url": ""
      }, {
         "columnNumber": 22313,
         "functionName": "gq",
         "lineNumber": 436,
         "scriptId": "7",
         "url": ""
      }, {
         "columnNumber": 17254,
         "functionName": "LI",
         "lineNumber": 436,
         "scriptId": "7",
         "url": ""
      }, {
         "columnNumber": 18099,
         "functionName": "P",
         "lineNumber": 436,
         "scriptId": "7",
         "url": ""
      }, {
         "columnNumber": 17105,
         "functionName": "eval",
         "lineNumber": 436,
         "scriptId": "7",
         "url": ""
      }, {
         "columnNumber": 51232,
         "functionName": "requestIdleCallback.timeout",
         "lineNumber": 436,
         "scriptId": "7",
         "url": ""
      } ]
   }
}
[1789275106.957][DEBUG]: DevTools WebSocket Event: Page.frameRequestedNavigation (session_id=7060DFF1CD8B11FAFBE8FD518EF83770) 7060DFF1CD8B11FAFBE8FD518EF83770 {
   "disposition": "currentTab",
   "frameId": "4833DE6BB3A60ED1B9FEC55BA71DECB4",
   "reason": "initialFrameNavigation",
   "url": "about:blank"
}
[1789275106.957][DEBUG]: DevTools WebSocket Event: Page.frameNavigated (session_id=7060DFF1CD8B11FAFBE8FD518EF83770) 7060DFF1CD8B11FAFBE8FD518EF83770 {
   "frame": {
      "adFrameStatus": {
         "adFrameType": "none",
         "explanations": [  ]
      },
      "crossOriginIsolatedContextType": "NotIsolatedFeatureDisabled",
      "domainAndRegistry": "",
      "gatedAPIFeatures": [  ],
      "id": "4833DE6BB3A60ED1B9FEC55BA71DECB4",
      "loaderId": "006B7B1680817D55B2D0F5D502391575",
      "mimeType": "text/html",
      "name": "",
      "parentId": "A7D5B809B4B4870CEF2796C253B510BE",
      "secureContextType": "Secure",
      "securityOrigin": "://",
      "securityOriginDetails": {
         "isLocalhost": false
      },
      "url": "about:blank"
   },
   "type": "Navigation"
}
[1789275106.958][DEBUG]: DevTools WebSocket Event: Page.frameStartedLoading (session_id=7060DFF1CD8B11FAFBE8FD518EF83770) 7060DFF1CD8B11FAFBE8FD518EF83770 {
   "frameId": "4833DE6BB3A60ED1B9FEC55BA71DECB4"
}
[1789275106.960][DEBUG]: DevTools WebSocket Event: Runtime.executionContextCreated (session_id=7060DFF1CD8B11FAFBE8FD518EF83770) 7060DFF1CD8B11FAFBE8FD518EF83770 {
   "context": {
      "auxData": {
         "frameId": "4833DE6BB3A60ED1B9FEC55BA71DECB4",
         "isDefault": true,
         "type": "default"
      },
      "id": 4,
      "name": "",
      "origin": "https://ep2.adtrafficquality.google",
      "uniqueId": "-4682219577150238828.2382189716633661225"
   }
}
[1789275106.965][DEBUG]: DevTools WebSocket Event: Page.frameStoppedLoading (session_id=7060DFF1CD8B11FAFBE8FD518EF83770) 7060DFF1CD8B11FAFBE8FD518EF83770 {
   "frameId": "4833DE6BB3A60ED1B9FEC55BA71DECB4"
}
[20029:20029:0913/045147.093325:ERROR:gpu/command_buffer/service/gles2_cmd_decoder_passthrough.cc:1209] []Automatic fallback to software WebGL has been deprecated. Please use the --enable-unsafe-swiftshader flag to opt in to lower security guarantees for trusted content.
[19997:19997:0913/045147.101798:INFO:CONSOLE:0] "[]Automatic fallback to software WebGL has been deprecated. Please use the --enable-unsafe-swiftshader flag to opt in to lower security guarantees for trusted content.", source: https://ep2.adtrafficquality.google/sodar/Klz6NWr5.html (0)
[20029:20029:0913/045147.110438:ERROR:gpu/command_buffer/service/gles2_cmd_decoder_passthrough.cc:1209] []Automatic fallback to software WebGL has been deprecated. Please use the --enable-unsafe-swiftshader flag to opt in to lower security guarantees for trusted content.
[19997:19997:0913/045147.114416:INFO:CONSOLE:0] "[]Automatic fallback to software WebGL has been deprecated. Please use the --enable-unsafe-swiftshader flag to opt in to lower security guarantees for trusted content.", source: https://ep2.adtrafficquality.google/sodar/Klz6NWr5.html (0)
[1789275107.126][DEBUG]: DevTools WebSocket Event: Page.frameSubtreeWillBeDetached (session_id=7060DFF1CD8B11FAFBE8FD518EF83770) 7060DFF1CD8B11FAFBE8FD518EF83770 {
   "frameId": "4833DE6BB3A60ED1B9FEC55BA71DECB4"
}
[1789275107.127][DEBUG]: DevTools WebSocket Event: Page.frameDetached (session_id=7060DFF1CD8B11FAFBE8FD518EF83770) 7060DFF1CD8B11FAFBE8FD518EF83770 {
   "frameId": "4833DE6BB3A60ED1B9FEC55BA71DECB4",
   "reason": "remove"
}
[1789275107.128][DEBUG]: DevTools WebSocket Event: Runtime.executionContextDestroyed (session_id=7060DFF1CD8B11FAFBE8FD518EF83770) 7060DFF1CD8B11FAFBE8FD518EF83770 {
   "executionContextId": 4,
   "executionContextUniqueId": "-4682219577150238828.2382189716633661225"
}
[1789275107.132][DEBUG]: DevTools WebSocket Event: Page.frameSubtreeWillBeDetached (session_id=6BACAE54BED44AB8AD3D0FC3CF4131CF) 6BACAE54BED44AB8AD3D0FC3CF4131CF {
   "frameId": "70950C37F3ACF131E4CABF3B2064F2E6"
}
[1789275107.135][DEBUG]: DevTools WebSocket Event: Page.frameDetached (session_id=6BACAE54BED44AB8AD3D0FC3CF4131CF) 6BACAE54BED44AB8AD3D0FC3CF4131CF {
   "frameId": "70950C37F3ACF131E4CABF3B2064F2E6",
   "reason": "remove"
}
[1789275107.135][DEBUG]: DevTools WebSocket Event: Runtime.executionContextDestroyed (session_id=6BACAE54BED44AB8AD3D0FC3CF4131CF) 6BACAE54BED44AB8AD3D0FC3CF4131CF {
   "executionContextId": 3,
   "executionContextUniqueId": "-4499670853540416714.379377226593500629"
}
[1789275107.210][DEBUG]: DevTools WebSocket Event: Target.detachedFromTarget (session_id=ADD01671FB081D75F474B44D4C57A6D0) 8D801F2DEA53EC3F5B3A16235CEB322A {
   "sessionId": "79C6340E03BA78FF676EEF56A968533B",
   "targetId": "61C83A4AE2248D4EB82092F85F88ED13"
}
[1789275107.211][DEBUG]: DevTools WebSocket Event: Target.detachedFromTarget (session_id=ADD01671FB081D75F474B44D4C57A6D0) 8D801F2DEA53EC3F5B3A16235CEB322A {
   "sessionId": "6BACAE54BED44AB8AD3D0FC3CF4131CF",
   "targetId": "8B70F18C573C639B04470F16D6E807FB"
}
[1789275107.211][DEBUG]: DevTools WebSocket Event: Target.detachedFromTarget (session_id=ADD01671FB081D75F474B44D4C57A6D0) 8D801F2DEA53EC3F5B3A16235CEB322A {
   "sessionId": "7060DFF1CD8B11FAFBE8FD518EF83770",
   "targetId": "A7D5B809B4B4870CEF2796C253B510BE"
}
[1789275107.211][DEBUG]: DevTools WebSocket Event: Target.detachedFromTarget (session_id=ADD01671FB081D75F474B44D4C57A6D0) 8D801F2DEA53EC3F5B3A16235CEB322A {
   "sessionId": "FA7A64D25D24AEA1ADE33673234F7057",
   "targetId": "67BFBF8E12915B3594FCC267CEA5E0A3"
}
[1789275107.211][DEBUG]: DevTools WebSocket Event: Target.detachedFromTarget (session_id=ADD01671FB081D75F474B44D4C57A6D0) 8D801F2DEA53EC3F5B3A16235CEB322A {
   "sessionId": "2DC354B652A0E0D050DA1E2373CEAA68",
   "targetId": "8ADC0B2FF9C7BFE1DB0D2D1E7F0F1202"
}
[1789275107.212][DEBUG]: DevTools WebSocket Event: Runtime.executionContextsCleared (session_id=ADD01671FB081D75F474B44D4C57A6D0) 8D801F2DEA53EC3F5B3A16235CEB322A {
}
[1789275107.213][DEBUG]: DevTools WebSocket Event: Page.frameStartedLoading (session_id=ADD01671FB081D75F474B44D4C57A6D0) 8D801F2DEA53EC3F5B3A16235CEB322A {
   "frameId": "8D801F2DEA53EC3F5B3A16235CEB322A"
}
[1789275107.245][DEBUG]: DevTools WebSocket Event: Page.frameDetached (session_id=ADD01671FB081D75F474B44D4C57A6D0) 8D801F2DEA53EC3F5B3A16235CEB322A {
   "frameId": "8B70F18C573C639B04470F16D6E807FB",
   "reason": "remove"
}
[1789275107.265][DEBUG]: DevTools WebSocket Event: Page.frameDetached (session_id=ADD01671FB081D75F474B44D4C57A6D0) 8D801F2DEA53EC3F5B3A16235CEB322A {
   "frameId": "A7D5B809B4B4870CEF2796C253B510BE",
   "reason": "remove"
}
[1789275107.269][DEBUG]: DevTools WebSocket Event: Page.frameDetached (session_id=ADD01671FB081D75F474B44D4C57A6D0) 8D801F2DEA53EC3F5B3A16235CEB322A {
   "frameId": "67BFBF8E12915B3594FCC267CEA5E0A3",
   "reason": "remove"
}
[1789275107.290][DEBUG]: DevTools WebSocket Event: Page.frameDetached (session_id=ADD01671FB081D75F474B44D4C57A6D0) 8D801F2DEA53EC3F5B3A16235CEB322A {
   "frameId": "8ADC0B2FF9C7BFE1DB0D2D1E7F0F1202",
   "reason": "remove"
}
[1789275107.309][DEBUG]: DevTools WebSocket Event: Runtime.executionContextsCleared (session_id=ADD01671FB081D75F474B44D4C57A6D0) 8D801F2DEA53EC3F5B3A16235CEB322A {
}
[1789275107.310][DEBUG]: DevTools WebSocket Event: Page.frameNavigated (session_id=ADD01671FB081D75F474B44D4C57A6D0) 8D801F2DEA53EC3F5B3A16235CEB322A {
   "frame": {
      "adFrameStatus": {
         "adFrameType": "none"
      },
      "crossOriginIsolatedContextType": "NotIsolated",
      "domainAndRegistry": "betexplorer.com",
      "gatedAPIFeatures": [  ],
      "id": "8D801F2DEA53EC3F5B3A16235CEB322A",
      "loaderId": "7F4FEA04AA0D0C30E6E57FB8E1481993",
      "mimeType": "text/html",
      "secureContextType": "Secure",
      "securityOrigin": "https://www.betexplorer.com",
      "securityOriginDetails": {
         "isLocalhost": false
      },
      "url": "https://www.betexplorer.com/football/results/?year=2026&month=09&day=13"
   },
   "type": "Navigation"
}
[1789275107.332][DEBUG]: DevTools WebSocket Event: Runtime.executionContextCreated (session_id=ADD01671FB081D75F474B44D4C57A6D0) 8D801F2DEA53EC3F5B3A16235CEB322A {
   "context": {
      "auxData": {
         "frameId": "8D801F2DEA53EC3F5B3A16235CEB322A",
         "isDefault": true,
         "type": "default"
      },
      "id": 25,
      "name": "",
      "origin": "https://www.betexplorer.com",
      "uniqueId": "-9058803125620912641.-7774106691129770659"
   }
}
[1789275107.351][DEBUG]: DevTools WebSocket Response: Runtime.evaluate (id=18) (session_id=ADD01671FB081D75F474B44D4C57A6D0) 8D801F2DEA53EC3F5B3A16235CEB322A {
   "result": {
      "description": "1",
      "type": "number",
      "value": 1
   }
}
[1789275107.385][DEBUG]: DevTools WebSocket Event: Page.frameAttached (session_id=ADD01671FB081D75F474B44D4C57A6D0) 8D801F2DEA53EC3F5B3A16235CEB322A {
   "frameId": "ABCF774B5A74FA7254ED9CE2444C3A3B",
   "parentFrameId": "8D801F2DEA53EC3F5B3A16235CEB322A"
}
[1789275107.385][DEBUG]: DevTools WebSocket Event: Page.frameRequestedNavigation (session_id=ADD01671FB081D75F474B44D4C57A6D0) 8D801F2DEA53EC3F5B3A16235CEB322A {
   "disposition": "currentTab",
   "frameId": "ABCF774B5A74FA7254ED9CE2444C3A3B",
   "reason": "initialFrameNavigation",
   "url": "about:blank"
}
[1789275107.386][DEBUG]: DevTools WebSocket Event: Page.frameNavigated (session_id=ADD01671FB081D75F474B44D4C57A6D0) 8D801F2DEA53EC3F5B3A16235CEB322A {
   "frame": {
      "adFrameStatus": {
         "adFrameType": "none",
         "explanations": [  ]
      },
      "crossOriginIsolatedContextType": "NotIsolated",
      "domainAndRegistry": "",
      "gatedAPIFeatures": [  ],
      "id": "ABCF774B5A74FA7254ED9CE2444C3A3B",
      "loaderId": "1E11EC624EC46BE85568039FB0A2D156",
      "mimeType": "text/html",
      "name": "banx-top_desktop",
      "parentId": "8D801F2DEA53EC3F5B3A16235CEB322A",
      "secureContextType": "Secure",
      "securityOrigin": "://",
      "securityOriginDetails": {
         "isLocalhost": false
      },
      "url": "about:blank"
   },
   "type": "Navigation"
}
[1789275107.386][DEBUG]: DevTools WebSocket Event: Page.frameStartedLoading (session_id=ADD01671FB081D75F474B44D4C57A6D0) 8D801F2DEA53EC3F5B3A16235CEB322A {
   "frameId": "ABCF774B5A74FA7254ED9CE2444C3A3B"
}
[1789275107.386][DEBUG]: DevTools WebSocket Command: Runtime.evaluate (id=39) (session_id=ADD01671FB081D75F474B44D4C57A6D0) 8D801F2DEA53EC3F5B3A16235CEB322A {
   "expression": "1"
}
[1789275107.390][DEBUG]: DevTools WebSocket Event: Runtime.executionContextCreated (session_id=ADD01671FB081D75F474B44D4C57A6D0) 8D801F2DEA53EC3F5B3A16235CEB322A {
   "context": {
      "auxData": {
         "frameId": "ABCF774B5A74FA7254ED9CE2444C3A3B",
         "isDefault": true,
         "type": "default"
      },
      "id": 26,
      "name": "",
      "origin": "https://www.betexplorer.com",
      "uniqueId": "1779438152032199007.-1756307569357586093"
   }
}
[1789275107.390][DEBUG]: DevTools WebSocket Event: Page.frameStoppedLoading (session_id=ADD01671FB081D75F474B44D4C57A6D0) 8D801F2DEA53EC3F5B3A16235CEB322A {
   "frameId": "ABCF774B5A74FA7254ED9CE2444C3A3B"
}
[1789275107.391][DEBUG]: DevTools WebSocket Event: Page.frameAttached (session_id=ADD01671FB081D75F474B44D4C57A6D0) 8D801F2DEA53EC3F5B3A16235CEB322A {
   "frameId": "C8B8F2E8889942E7DEA08C5C057CA098",
   "parentFrameId": "8D801F2DEA53EC3F5B3A16235CEB322A"
}
[1789275107.391][DEBUG]: DevTools WebSocket Event: Page.frameRequestedNavigation (session_id=ADD01671FB081D75F474B44D4C57A6D0) 8D801F2DEA53EC3F5B3A16235CEB322A {
   "disposition": "currentTab",
   "frameId": "C8B8F2E8889942E7DEA08C5C057CA098",
   "reason": "initialFrameNavigation",
   "url": "about:blank"
}
[1789275107.391][DEBUG]: DevTools WebSocket Event: Page.frameNavigated (session_id=ADD01671FB081D75F474B44D4C57A6D0) 8D801F2DEA53EC3F5B3A16235CEB322A {
   "frame": {
      "adFrameStatus": {
         "adFrameType": "none",
         "explanations": [  ]
      },
      "crossOriginIsolatedContextType": "NotIsolated",
      "domainAndRegistry": "",
      "gatedAPIFeatures": [  ],
      "id": "C8B8F2E8889942E7DEA08C5C057CA098",
      "loaderId": "9BA6A454B7A9B89DDB14F69004058EBA",
      "mimeType": "text/html",
      "name": "banx-top_mobile",
      "parentId": "8D801F2DEA53EC3F5B3A16235CEB322A",
      "secureContextType": "Secure",
      "securityOrigin": "://",
      "securityOriginDetails": {
         "isLocalhost": false
      },
      "url": "about:blank"
   },
   "type": "Navigation"
}
[1789275107.391][DEBUG]: DevTools WebSocket Event: Page.frameStartedLoading (session_id=ADD01671FB081D75F474B44D4C57A6D0) 8D801F2DEA53EC3F5B3A16235CEB322A {
   "frameId": "C8B8F2E8889942E7DEA08C5C057CA098"
}
[1789275107.399][DEBUG]: DevTools WebSocket Event: Runtime.executionContextCreated (session_id=ADD01671FB081D75F474B44D4C57A6D0) 8D801F2DEA53EC3F5B3A16235CEB322A {
   "context": {
      "auxData": {
         "frameId": "C8B8F2E8889942E7DEA08C5C057CA098",
         "isDefault": true,
         "type": "default"
      },
      "id": 27,
      "name": "",
      "origin": "https://www.betexplorer.com",
      "uniqueId": "-6895537400946949018.-9189114469584625053"
   }
}
[1789275107.400][DEBUG]: DevTools WebSocket Event: Page.frameStoppedLoading (session_id=ADD01671FB081D75F474B44D4C57A6D0) 8D801F2DEA53EC3F5B3A16235CEB322A {
   "frameId": "C8B8F2E8889942E7DEA08C5C057CA098"
}
[1789275107.429][DEBUG]: DevTools WebSocket Response: Runtime.evaluate (id=39) (session_id=ADD01671FB081D75F474B44D4C57A6D0) 8D801F2DEA53EC3F5B3A16235CEB322A {
   "result": {
      "description": "1",
      "type": "number",
      "value": 1
   }
}
[1789275107.505][DEBUG]: DevTools WebSocket Event: Page.frameAttached (session_id=ADD01671FB081D75F474B44D4C57A6D0) 8D801F2DEA53EC3F5B3A16235CEB322A {
   "frameId": "EC1F492EC235A8D13AEDACE5AD07AF33",
   "parentFrameId": "8D801F2DEA53EC3F5B3A16235CEB322A",
   "stack": {
      "callFrames": [ {
         "columnNumber": 25416,
         "functionName": "S.addLocator",
         "lineNumber": 0,
         "scriptId": "9",
         "url": "https://cdn.cookielaw.org/scripttemplates/otSDKStub.js"
      }, {
         "columnNumber": 25047,
         "functionName": "S.addIabFrame",
         "lineNumber": 0,
         "scriptId": "9",
         "url": "https://cdn.cookielaw.org/scripttemplates/otSDKStub.js"
      }, {
         "columnNumber": 24800,
         "functionName": "S.intializeIabStub",
         "lineNumber": 0,
         "scriptId": "9",
         "url": "https://cdn.cookielaw.org/scripttemplates/otSDKStub.js"
      }, {
         "columnNumber": 22303,
         "functionName": "",
         "lineNumber": 0,
         "scriptId": "9",
         "url": "https://cdn.cookielaw.org/scripttemplates/otSDKStub.js"
      }, {
         "columnNumber": 1328,
         "functionName": "",
         "lineNumber": 0,
         "scriptId": "9",
         "url": "https://cdn.cookielaw.org/scripttemplates/otSDKStub.js"
      }, {
         "columnNumber": 298,
         "functionName": "",
         "lineNumber": 0,
         "scriptId": "9",
         "url": "https://cdn.cookielaw.org/scripttemplates/otSDKStub.js"
      }, {
         "columnNumber": 49,
         "functionName": "e",
         "lineNumber": 0,
         "scriptId": "9",
         "url": "https://cdn.cookielaw.org/scripttemplates/otSDKStub.js"
      }, {
         "columnNumber": 22043,
         "functionName": "S.addBannerSDKScript",
         "lineNumber": 0,
         "scriptId": "9",
         "url": "https://cdn.cookielaw.org/scripttemplates/otSDKStub.js"
      }, {
         "columnNumber": 12384,
         "functionName": "S.geoLocationJsonCallback",
         "lineNumber": 0,
         "scriptId": "9",
         "url": "https://cdn.cookielaw.org/scripttemplates/otSDKStub.js"
      }, {
         "columnNumber": 13582,
         "functionName": "r.onload",
         "lineNumber": 0,
         "scriptId": "9",
         "url": "https://cdn.cookielaw.org/scripttemplates/otSDKStub.js"
      } ]
   }
}
[1789275107.506][DEBUG]: DevTools WebSocket Command: Runtime.evaluate (id=40) (session_id=ADD01671FB081D75F474B44D4C57A6D0) 8D801F2DEA53EC3F5B3A16235CEB322A {
   "expression": "1"
}
[1789275107.508][DEBUG]: DevTools WebSocket Event: Page.frameRequestedNavigation (session_id=ADD01671FB081D75F474B44D4C57A6D0) 8D801F2DEA53EC3F5B3A16235CEB322A {
   "disposition": "currentTab",
   "frameId": "EC1F492EC235A8D13AEDACE5AD07AF33",
   "reason": "initialFrameNavigation",
   "url": "about:blank"
}
[1789275107.508][DEBUG]: DevTools WebSocket Event: Page.frameNavigated (session_id=ADD01671FB081D75F474B44D4C57A6D0) 8D801F2DEA53EC3F5B3A16235CEB322A {
   "frame": {
      "adFrameStatus": {
         "adFrameType": "none",
         "explanations": [  ]
      },
      "crossOriginIsolatedContextType": "NotIsolated",
      "domainAndRegistry": "",
      "gatedAPIFeatures": [  ],
      "id": "EC1F492EC235A8D13AEDACE5AD07AF33",
      "loaderId": "704BC91303ECDBF5F281C35E254D3A2F",
      "mimeType": "text/html",
      "name": "__tcfapiLocator",
      "parentId": "8D801F2DEA53EC3F5B3A16235CEB322A",
      "secureContextType": "Secure",
      "securityOrigin": "://",
      "securityOriginDetails": {
         "isLocalhost": false
      },
      "url": "about:blank"
   },
   "type": "Navigation"
}
[1789275107.508][DEBUG]: DevTools WebSocket Event: Page.frameStartedLoading (session_id=ADD01671FB081D75F474B44D4C57A6D0) 8D801F2DEA53EC3F5B3A16235CEB322A {
   "frameId": "EC1F492EC235A8D13AEDACE5AD07AF33"
}
[1789275107.511][DEBUG]: DevTools WebSocket Event: Runtime.executionContextCreated (session_id=ADD01671FB081D75F474B44D4C57A6D0) 8D801F2DEA53EC3F5B3A16235CEB322A {
   "context": {
      "auxData": {
         "frameId": "EC1F492EC235A8D13AEDACE5AD07AF33",
         "isDefault": true,
         "type": "default"
      },
      "id": 28,
      "name": "",
      "origin": "https://www.betexplorer.com",
      "uniqueId": "-1958109311738412422.-8878993262791730729"
   }
}
[1789275107.511][DEBUG]: DevTools WebSocket Event: Page.frameStoppedLoading (session_id=ADD01671FB081D75F474B44D4C57A6D0) 8D801F2DEA53EC3F5B3A16235CEB322A {
   "frameId": "EC1F492EC235A8D13AEDACE5AD07AF33"
}
[1789275107.594][DEBUG]: DevTools WebSocket Response: Runtime.evaluate (id=40) (session_id=ADD01671FB081D75F474B44D4C57A6D0) 8D801F2DEA53EC3F5B3A16235CEB322A {
   "result": {
      "description": "1",
      "type": "number",
      "value": 1
   }
}
[1789275108.096][DEBUG]: DevTools WebSocket Command: Runtime.evaluate (id=41) (session_id=ADD01671FB081D75F474B44D4C57A6D0) 8D801F2DEA53EC3F5B3A16235CEB322A {
   "expression": "1"
}
[1789275108.100][DEBUG]: DevTools WebSocket Event: Page.frameAttached (session_id=ADD01671FB081D75F474B44D4C57A6D0) 8D801F2DEA53EC3F5B3A16235CEB322A {
   "frameId": "E0F914C96A8B458F421BA03BC1CA881D",
   "parentFrameId": "8D801F2DEA53EC3F5B3A16235CEB322A"
}
[1789275108.101][DEBUG]: DevTools WebSocket Event: Page.frameRequestedNavigation (session_id=ADD01671FB081D75F474B44D4C57A6D0) 8D801F2DEA53EC3F5B3A16235CEB322A {
   "disposition": "currentTab",
   "frameId": "E0F914C96A8B458F421BA03BC1CA881D",
   "reason": "initialFrameNavigation",
   "url": "about:blank"
}
[1789275108.102][DEBUG]: DevTools WebSocket Event: Page.frameNavigated (session_id=ADD01671FB081D75F474B44D4C57A6D0) 8D801F2DEA53EC3F5B3A16235CEB322A {
   "frame": {
      "adFrameStatus": {
         "adFrameType": "none",
         "explanations": [  ]
      },
      "crossOriginIsolatedContextType": "NotIsolated",
      "domainAndRegistry": "",
      "gatedAPIFeatures": [  ],
      "id": "E0F914C96A8B458F421BA03BC1CA881D",
      "loaderId": "BFD7315D5274EDBBC89EA95B03D0E57B",
      "mimeType": "text/html",
      "name": "banx-rs1_tablet",
      "parentId": "8D801F2DEA53EC3F5B3A16235CEB322A",
      "secureContextType": "Secure",
      "securityOrigin": "://",
      "securityOriginDetails": {
         "isLocalhost": false
      },
      "url": "about:blank"
   },
   "type": "Navigation"
}
[1789275108.103][DEBUG]: DevTools WebSocket Event: Page.frameStartedLoading (session_id=ADD01671FB081D75F474B44D4C57A6D0) 8D801F2DEA53EC3F5B3A16235CEB322A {
   "frameId": "E0F914C96A8B458F421BA03BC1CA881D"
}
[1789275108.106][DEBUG]: DevTools WebSocket Event: Runtime.executionContextCreated (session_id=ADD01671FB081D75F474B44D4C57A6D0) 8D801F2DEA53EC3F5B3A16235CEB322A {
   "context": {
      "auxData": {
         "frameId": "E0F914C96A8B458F421BA03BC1CA881D",
         "isDefault": true,
         "type": "default"
      },
      "id": 29,
      "name": "",
      "origin": "https://www.betexplorer.com",
      "uniqueId": "1463069796326926361.-1756368218819503586"
   }
}
[1789275108.106][DEBUG]: DevTools WebSocket Event: Page.frameStoppedLoading (session_id=ADD01671FB081D75F474B44D4C57A6D0) 8D801F2DEA53EC3F5B3A16235CEB322A {
   "frameId": "E0F914C96A8B458F421BA03BC1CA881D"
}
[1789275108.112][DEBUG]: DevTools WebSocket Event: Page.frameAttached (session_id=ADD01671FB081D75F474B44D4C57A6D0) 8D801F2DEA53EC3F5B3A16235CEB322A {
   "frameId": "1A496166DEBBCB64C7100EB5791075F1",
   "parentFrameId": "8D801F2DEA53EC3F5B3A16235CEB322A"
}
[1789275108.112][DEBUG]: DevTools WebSocket Event: Page.frameRequestedNavigation (session_id=ADD01671FB081D75F474B44D4C57A6D0) 8D801F2DEA53EC3F5B3A16235CEB322A {
   "disposition": "currentTab",
   "frameId": "1A496166DEBBCB64C7100EB5791075F1",
   "reason": "initialFrameNavigation",
   "url": "about:blank"
}
[1789275108.112][DEBUG]: DevTools WebSocket Event: Page.frameNavigated (session_id=ADD01671FB081D75F474B44D4C57A6D0) 8D801F2DEA53EC3F5B3A16235CEB322A {
   "frame": {
      "adFrameStatus": {
         "adFrameType": "none",
         "explanations": [  ]
      },
      "crossOriginIsolatedContextType": "NotIsolated",
      "domainAndRegistry": "",
      "gatedAPIFeatures": [  ],
      "id": "1A496166DEBBCB64C7100EB5791075F1",
      "loaderId": "A785408ECC46FA8965DD95A36DA0CD18",
      "mimeType": "text/html",
      "name": "banx-rs1_mobile",
      "parentId": "8D801F2DEA53EC3F5B3A16235CEB322A",
      "secureContextType": "Secure",
      "securityOrigin": "://",
      "securityOriginDetails": {
         "isLocalhost": false
      },
      "url": "about:blank"
   },
   "type": "Navigation"
}
[1789275108.113][DEBUG]: DevTools WebSocket Event: Page.frameStartedLoading (session_id=ADD01671FB081D75F474B44D4C57A6D0) 8D801F2DEA53EC3F5B3A16235CEB322A {
   "frameId": "1A496166DEBBCB64C7100EB5791075F1"
}
[1789275108.115][DEBUG]: DevTools WebSocket Event: Runtime.executionContextCreated (session_id=ADD01671FB081D75F474B44D4C57A6D0) 8D801F2DEA53EC3F5B3A16235CEB322A {
   "context": {
      "auxData": {
         "frameId": "1A496166DEBBCB64C7100EB5791075F1",
         "isDefault": true,
         "type": "default"
      },
      "id": 30,
      "name": "",
      "origin": "https://www.betexplorer.com",
      "uniqueId": "-5631565453074692630.-519279223327559980"
   }
}
[1789275108.115][DEBUG]: DevTools WebSocket Event: Page.frameStoppedLoading (session_id=ADD01671FB081D75F474B44D4C57A6D0) 8D801F2DEA53EC3F5B3A16235CEB322A {
   "frameId": "1A496166DEBBCB64C7100EB5791075F1"
}
[1789275108.116][DEBUG]: DevTools WebSocket Event: Page.frameAttached (session_id=ADD01671FB081D75F474B44D4C57A6D0) 8D801F2DEA53EC3F5B3A16235CEB322A {
   "frameId": "30BA57F8129C0042941E72B8F650E6D6",
   "parentFrameId": "8D801F2DEA53EC3F5B3A16235CEB322A"
}
[1789275108.116][DEBUG]: DevTools WebSocket Event: Page.frameRequestedNavigation (session_id=ADD01671FB081D75F474B44D4C57A6D0) 8D801F2DEA53EC3F5B3A16235CEB322A {
   "disposition": "currentTab",
   "frameId": "30BA57F8129C0042941E72B8F650E6D6",
   "reason": "initialFrameNavigation",
   "url": "about:blank"
}
[1789275108.116][DEBUG]: DevTools WebSocket Event: Page.frameNavigated (session_id=ADD01671FB081D75F474B44D4C57A6D0) 8D801F2DEA53EC3F5B3A16235CEB322A {
   "frame": {
      "adFrameStatus": {
         "adFrameType": "none",
         "explanations": [  ]
      },
      "crossOriginIsolatedContextType": "NotIsolated",
      "domainAndRegistry": "",
      "gatedAPIFeatures": [  ],
      "id": "30BA57F8129C0042941E72B8F650E6D6",
      "loaderId": "7644027F005BA1DC40BD955FD4CEFF3B",
      "mimeType": "text/html",
      "name": "banx-rs2_tablet",
      "parentId": "8D801F2DEA53EC3F5B3A16235CEB322A",
      "secureContextType": "Secure",
      "securityOrigin": "://",
      "securityOriginDetails": {
         "isLocalhost": false
      },
      "url": "about:blank"
   },
   "type": "Navigation"
}
[1789275108.117][DEBUG]: DevTools WebSocket Event: Page.frameStartedLoading (session_id=ADD01671FB081D75F474B44D4C57A6D0) 8D801F2DEA53EC3F5B3A16235CEB322A {
   "frameId": "30BA57F8129C0042941E72B8F650E6D6"
}
[1789275108.121][DEBUG]: DevTools WebSocket Event: Runtime.executionContextCreated (session_id=ADD01671FB081D75F474B44D4C57A6D0) 8D801F2DEA53EC3F5B3A16235CEB322A {
   "context": {
      "auxData": {
         "frameId": "30BA57F8129C0042941E72B8F650E6D6",
         "isDefault": true,
         "type": "default"
      },
      "id": 31,
      "name": "",
      "origin": "https://www.betexplorer.com",
      "uniqueId": "-7882025964774403951.7520219635029735714"
   }
}
[1789275108.121][DEBUG]: DevTools WebSocket Event: Page.frameStoppedLoading (session_id=ADD01671FB081D75F474B44D4C57A6D0) 8D801F2DEA53EC3F5B3A16235CEB322A {
   "frameId": "30BA57F8129C0042941E72B8F650E6D6"
}
[1789275108.126][DEBUG]: DevTools WebSocket Event: Page.frameAttached (session_id=ADD01671FB081D75F474B44D4C57A6D0) 8D801F2DEA53EC3F5B3A16235CEB322A {
   "frameId": "3C3768E3BFFDECB9D17C6BF0FDA80959",
   "parentFrameId": "8D801F2DEA53EC3F5B3A16235CEB322A"
}
[1789275108.126][DEBUG]: DevTools WebSocket Event: Page.frameRequestedNavigation (session_id=ADD01671FB081D75F474B44D4C57A6D0) 8D801F2DEA53EC3F5B3A16235CEB322A {
   "disposition": "currentTab",
   "frameId": "3C3768E3BFFDECB9D17C6BF0FDA80959",
   "reason": "initialFrameNavigation",
   "url": "about:blank"
}
[1789275108.126][DEBUG]: DevTools WebSocket Event: Page.frameNavigated (session_id=ADD01671FB081D75F474B44D4C57A6D0) 8D801F2DEA53EC3F5B3A16235CEB322A {
   "frame": {
      "adFrameStatus": {
         "adFrameType": "none",
         "explanations": [  ]
      },
      "crossOriginIsolatedContextType": "NotIsolated",
      "domainAndRegistry": "",
      "gatedAPIFeatures": [  ],
      "id": "3C3768E3BFFDECB9D17C6BF0FDA80959",
      "loaderId": "07A0036DF7ED176C59DC717EF7F6D1D7",
      "mimeType": "text/html",
      "name": "banx-rs2_mobile",
      "parentId": "8D801F2DEA53EC3F5B3A16235CEB322A",
      "secureContextType": "Secure",
      "securityOrigin": "://",
      "securityOriginDetails": {
         "isLocalhost": false
      },
      "url": "about:blank"
   },
   "type": "Navigation"
}
[1789275108.126][DEBUG]: DevTools WebSocket Event: Page.frameStartedLoading (session_id=ADD01671FB081D75F474B44D4C57A6D0) 8D801F2DEA53EC3F5B3A16235CEB322A {
   "frameId": "3C3768E3BFFDECB9D17C6BF0FDA80959"
}
[1789275108.127][DEBUG]: DevTools WebSocket Event: Runtime.executionContextCreated (session_id=ADD01671FB081D75F474B44D4C57A6D0) 8D801F2DEA53EC3F5B3A16235CEB322A {
   "context": {
      "auxData": {
         "frameId": "3C3768E3BFFDECB9D17C6BF0FDA80959",
         "isDefault": true,
         "type": "default"
      },
      "id": 32,
      "name": "",
      "origin": "https://www.betexplorer.com",
      "uniqueId": "-3704342828407068928.-3730248661708682119"
   }
}
[1789275108.127][DEBUG]: DevTools WebSocket Event: Page.frameStoppedLoading (session_id=ADD01671FB081D75F474B44D4C57A6D0) 8D801F2DEA53EC3F5B3A16235CEB322A {
   "frameId": "3C3768E3BFFDECB9D17C6BF0FDA80959"
}
[1789275108.128][DEBUG]: DevTools WebSocket Event: Page.frameAttached (session_id=ADD01671FB081D75F474B44D4C57A6D0) 8D801F2DEA53EC3F5B3A16235CEB322A {
   "frameId": "750ED3733B86F76C360101EA72F55C67",
   "parentFrameId": "8D801F2DEA53EC3F5B3A16235CEB322A"
}
[1789275108.128][DEBUG]: DevTools WebSocket Event: Page.frameRequestedNavigation (session_id=ADD01671FB081D75F474B44D4C57A6D0) 8D801F2DEA53EC3F5B3A16235CEB322A {
   "disposition": "currentTab",
   "frameId": "750ED3733B86F76C360101EA72F55C67",
   "reason": "initialFrameNavigation",
   "url": "about:blank"
}
[1789275108.128][DEBUG]: DevTools WebSocket Event: Page.frameNavigated (session_id=ADD01671FB081D75F474B44D4C57A6D0) 8D801F2DEA53EC3F5B3A16235CEB322A {
   "frame": {
      "adFrameStatus": {
         "adFrameType": "none",
         "explanations": [  ]
      },
      "crossOriginIsolatedContextType": "NotIsolated",
      "domainAndRegistry": "",
      "gatedAPIFeatures": [  ],
      "id": "750ED3733B86F76C360101EA72F55C67",
      "loaderId": "706A39B921FE86A27CE6DB8FEFAE43BC",
      "mimeType": "text/html",
      "name": "banx-under_desktop",
      "parentId": "8D801F2DEA53EC3F5B3A16235CEB322A",
      "secureContextType": "Secure",
      "securityOrigin": "://",
      "securityOriginDetails": {
         "isLocalhost": false
      },
      "url": "about:blank"
   },
   "type": "Navigation"
}
[1789275108.128][DEBUG]: DevTools WebSocket Event: Page.frameStartedLoading (session_id=ADD01671FB081D75F474B44D4C57A6D0) 8D801F2DEA53EC3F5B3A16235CEB322A {
   "frameId": "750ED3733B86F76C360101EA72F55C67"
}
[1789275108.129][DEBUG]: DevTools WebSocket Event: Runtime.executionContextCreated (session_id=ADD01671FB081D75F474B44D4C57A6D0) 8D801F2DEA53EC3F5B3A16235CEB322A {
   "context": {
      "auxData": {
         "frameId": "750ED3733B86F76C360101EA72F55C67",
         "isDefault": true,
         "type": "default"
      },
      "id": 33,
      "name": "",
      "origin": "https://www.betexplorer.com",
      "uniqueId": "-2286084161799866799.3169865066527358749"
   }
}
[1789275108.130][DEBUG]: DevTools WebSocket Event: Page.frameStoppedLoading (session_id=ADD01671FB081D75F474B44D4C57A6D0) 8D801F2DEA53EC3F5B3A16235CEB322A {
   "frameId": "750ED3733B86F76C360101EA72F55C67"
}
[1789275108.130][DEBUG]: DevTools WebSocket Event: Page.frameAttached (session_id=ADD01671FB081D75F474B44D4C57A6D0) 8D801F2DEA53EC3F5B3A16235CEB322A {
   "frameId": "FBB24FC0904BF34FBDF537A3EFBE0C5B",
   "parentFrameId": "8D801F2DEA53EC3F5B3A16235CEB322A"
}
[1789275108.131][DEBUG]: DevTools WebSocket Event: Page.frameRequestedNavigation (session_id=ADD01671FB081D75F474B44D4C57A6D0) 8D801F2DEA53EC3F5B3A16235CEB322A {
   "disposition": "currentTab",
   "frameId": "FBB24FC0904BF34FBDF537A3EFBE0C5B",
   "reason": "initialFrameNavigation",
   "url": "about:blank"
}
[1789275108.131][DEBUG]: DevTools WebSocket Event: Page.frameNavigated (session_id=ADD01671FB081D75F474B44D4C57A6D0) 8D801F2DEA53EC3F5B3A16235CEB322A {
   "frame": {
      "adFrameStatus": {
         "adFrameType": "none",
         "explanations": [  ]
      },
      "crossOriginIsolatedContextType": "NotIsolated",
      "domainAndRegistry": "",
      "gatedAPIFeatures": [  ],
      "id": "FBB24FC0904BF34FBDF537A3EFBE0C5B",
      "loaderId": "6FD8E1E02DEAD66C3D6D4F157648AEA5",
      "mimeType": "text/html",
      "name": "banx-under_tablet",
      "parentId": "8D801F2DEA53EC3F5B3A16235CEB322A",
      "secureContextType": "Secure",
      "securityOrigin": "://",
      "securityOriginDetails": {
         "isLocalhost": false
      },
      "url": "about:blank"
   },
   "type": "Navigation"
}
[1789275108.132][DEBUG]: DevTools WebSocket Event: Page.frameStartedLoading (session_id=ADD01671FB081D75F474B44D4C57A6D0) 8D801F2DEA53EC3F5B3A16235CEB322A {
   "frameId": "FBB24FC0904BF34FBDF537A3EFBE0C5B"
}
[1789275108.133][DEBUG]: DevTools WebSocket Event: Runtime.executionContextCreated (session_id=ADD01671FB081D75F474B44D4C57A6D0) 8D801F2DEA53EC3F5B3A16235CEB322A {
   "context": {
      "auxData": {
         "frameId": "FBB24FC0904BF34FBDF537A3EFBE0C5B",
         "isDefault": true,
         "type": "default"
      },
      "id": 34,
      "name": "",
      "origin": "https://www.betexplorer.com",
      "uniqueId": "-3871712461043889539.7133470062833297428"
   }
}
[1789275108.133][DEBUG]: DevTools WebSocket Event: Page.frameStoppedLoading (session_id=ADD01671FB081D75F474B44D4C57A6D0) 8D801F2DEA53EC3F5B3A16235CEB322A {
   "frameId": "FBB24FC0904BF34FBDF537A3EFBE0C5B"
}
[1789275108.134][DEBUG]: DevTools WebSocket Event: Page.frameAttached (session_id=ADD01671FB081D75F474B44D4C57A6D0) 8D801F2DEA53EC3F5B3A16235CEB322A {
   "frameId": "9EB819FBBDE565D0D1CD99A257223961",
   "parentFrameId": "8D801F2DEA53EC3F5B3A16235CEB322A"
}
[1789275108.134][DEBUG]: DevTools WebSocket Event: Page.frameRequestedNavigation (session_id=ADD01671FB081D75F474B44D4C57A6D0) 8D801F2DEA53EC3F5B3A16235CEB322A {
   "disposition": "currentTab",
   "frameId": "9EB819FBBDE565D0D1CD99A257223961",
   "reason": "initialFrameNavigation",
   "url": "about:blank"
}
[1789275108.136][DEBUG]: DevTools WebSocket Event: Page.frameNavigated (session_id=ADD01671FB081D75F474B44D4C57A6D0) 8D801F2DEA53EC3F5B3A16235CEB322A {
   "frame": {
      "adFrameStatus": {
         "adFrameType": "none",
         "explanations": [  ]
      },
      "crossOriginIsolatedContextType": "NotIsolated",
      "domainAndRegistry": "",
      "gatedAPIFeatures": [  ],
      "id": "9EB819FBBDE565D0D1CD99A257223961",
      "loaderId": "33ECAB112881A48BED1C9079AC462235",
      "mimeType": "text/html",
      "name": "banx-rs1_desktop",
      "parentId": "8D801F2DEA53EC3F5B3A16235CEB322A",
      "secureContextType": "Secure",
      "securityOrigin": "://",
      "securityOriginDetails": {
         "isLocalhost": false
      },
      "url": "about:blank"
   },
   "type": "Navigation"
}
[1789275108.136][DEBUG]: DevTools WebSocket Event: Page.frameStartedLoading (session_id=ADD01671FB081D75F474B44D4C57A6D0) 8D801F2DEA53EC3F5B3A16235CEB322A {
   "frameId": "9EB819FBBDE565D0D1CD99A257223961"
}
[1789275108.136][DEBUG]: DevTools WebSocket Event: Runtime.executionContextCreated (session_id=ADD01671FB081D75F474B44D4C57A6D0) 8D801F2DEA53EC3F5B3A16235CEB322A {
   "context": {
      "auxData": {
         "frameId": "9EB819FBBDE565D0D1CD99A257223961",
         "isDefault": true,
         "type": "default"
      },
      "id": 35,
      "name": "",
      "origin": "https://www.betexplorer.com",
      "uniqueId": "895351191804817071.-278220432920197786"
   }
}
[1789275108.136][DEBUG]: DevTools WebSocket Event: Page.frameStoppedLoading (session_id=ADD01671FB081D75F474B44D4C57A6D0) 8D801F2DEA53EC3F5B3A16235CEB322A {
   "frameId": "9EB819FBBDE565D0D1CD99A257223961"
}
[1789275108.137][DEBUG]: DevTools WebSocket Event: Page.frameAttached (session_id=ADD01671FB081D75F474B44D4C57A6D0) 8D801F2DEA53EC3F5B3A16235CEB322A {
   "frameId": "E09F720A10F3B4E7C9B558D7CB83BA5F",
   "parentFrameId": "8D801F2DEA53EC3F5B3A16235CEB322A"
}
[1789275108.137][DEBUG]: DevTools WebSocket Event: Page.frameRequestedNavigation (session_id=ADD01671FB081D75F474B44D4C57A6D0) 8D801F2DEA53EC3F5B3A16235CEB322A {
   "disposition": "currentTab",
   "frameId": "E09F720A10F3B4E7C9B558D7CB83BA5F",
   "reason": "initialFrameNavigation",
   "url": "about:blank"
}
[1789275108.137][DEBUG]: DevTools WebSocket Event: Page.frameNavigated (session_id=ADD01671FB081D75F474B44D4C57A6D0) 8D801F2DEA53EC3F5B3A16235CEB322A {
   "frame": {
      "adFrameStatus": {
         "adFrameType": "none",
         "explanations": [  ]
      },
      "crossOriginIsolatedContextType": "NotIsolated",
      "domainAndRegistry": "",
      "gatedAPIFeatures": [  ],
      "id": "E09F720A10F3B4E7C9B558D7CB83BA5F",
      "loaderId": "4C367E9D539D4335A005E0C2671C6A92",
      "mimeType": "text/html",
      "name": "banx-rs2_desktop",
      "parentId": "8D801F2DEA53EC3F5B3A16235CEB322A",
      "secureContextType": "Secure",
      "securityOrigin": "://",
      "securityOriginDetails": {
         "isLocalhost": false
      },
      "url": "about:blank"
   },
   "type": "Navigation"
}
[1789275108.137][DEBUG]: DevTools WebSocket Event: Page.frameStartedLoading (session_id=ADD01671FB081D75F474B44D4C57A6D0) 8D801F2DEA53EC3F5B3A16235CEB322A {
   "frameId": "E09F720A10F3B4E7C9B558D7CB83BA5F"
}
[1789275108.139][DEBUG]: DevTools WebSocket Event: Runtime.executionContextCreated (session_id=ADD01671FB081D75F474B44D4C57A6D0) 8D801F2DEA53EC3F5B3A16235CEB322A {
   "context": {
      "auxData": {
         "frameId": "E09F720A10F3B4E7C9B558D7CB83BA5F",
         "isDefault": true,
         "type": "default"
      },
      "id": 36,
      "name": "",
      "origin": "https://www.betexplorer.com",
      "uniqueId": "-8978492765678438400.8266977243153175928"
   }
}
[1789275108.139][DEBUG]: DevTools WebSocket Event: Page.frameStoppedLoading (session_id=ADD01671FB081D75F474B44D4C57A6D0) 8D801F2DEA53EC3F5B3A16235CEB322A {
   "frameId": "E09F720A10F3B4E7C9B558D7CB83BA5F"
}
[1789275108.391][DEBUG]: DevTools WebSocket Response: Runtime.evaluate (id=41) (session_id=ADD01671FB081D75F474B44D4C57A6D0) 8D801F2DEA53EC3F5B3A16235CEB322A {
   "result": {
      "description": "1",
      "type": "number",
      "value": 1
   }
}
[1789275108.534][DEBUG]: DevTools WebSocket Event: Page.frameScheduledNavigation (session_id=ADD01671FB081D75F474B44D4C57A6D0) 8D801F2DEA53EC3F5B3A16235CEB322A {
   "delay": 0,
   "frameId": "8D801F2DEA53EC3F5B3A16235CEB322A",
   "reason": "reload",
   "url": "https://www.betexplorer.com/football/results/?year=2026&month=09&day=13"
}
[1789275108.536][DEBUG]: DevTools WebSocket Event: Page.frameRequestedNavigation (session_id=ADD01671FB081D75F474B44D4C57A6D0) 8D801F2DEA53EC3F5B3A16235CEB322A {
   "disposition": "currentTab",
   "frameId": "8D801F2DEA53EC3F5B3A16235CEB322A",
   "reason": "reload",
   "url": "https://www.betexplorer.com/football/results/?year=2026&month=09&day=13"
}
[1789275108.538][DEBUG]: DevTools WebSocket Command: Runtime.evaluate (id=42) (session_id=ADD01671FB081D75F474B44D4C57A6D0) 8D801F2DEA53EC3F5B3A16235CEB322A {
   "expression": "1"
}
[1789275108.544][DEBUG]: DevTools WebSocket Event: Page.frameStartedNavigating (session_id=ADD01671FB081D75F474B44D4C57A6D0) 8D801F2DEA53EC3F5B3A16235CEB322A {
   "frameId": "8D801F2DEA53EC3F5B3A16235CEB322A",
   "loaderId": "96923E7EDBB391B4B87B8E5E4A327BDB",
   "navigationType": "reload",
   "url": "https://www.betexplorer.com/football/results/?year=2026&month=09&day=13"
}
[1789275108.544][DEBUG]: DevTools WebSocket Event: Page.frameStartedLoading (session_id=ADD01671FB081D75F474B44D4C57A6D0) 8D801F2DEA53EC3F5B3A16235CEB322A {
   "frameId": "8D801F2DEA53EC3F5B3A16235CEB322A"
}
[1789275108.544][DEBUG]: DevTools WebSocket Event: Page.frameClearedScheduledNavigation (session_id=ADD01671FB081D75F474B44D4C57A6D0) 8D801F2DEA53EC3F5B3A16235CEB322A {
   "frameId": "8D801F2DEA53EC3F5B3A16235CEB322A"
}
[1789275108.596][DEBUG]: DevTools WebSocket Event: Page.frameAttached (session_id=ADD01671FB081D75F474B44D4C57A6D0) 8D801F2DEA53EC3F5B3A16235CEB322A {
   "frameId": "6BE18F6AD7830BD99878F354FA6D7E94",
   "parentFrameId": "8D801F2DEA53EC3F5B3A16235CEB322A",
   "stack": {
      "callFrames": [ {
         "columnNumber": 24809,
         "functionName": "a.append",
         "lineNumber": 6,
         "scriptId": "19",
         "url": "https://cdn.cookielaw.org/scripttemplates/202606.2.0/otBannerSdk.js"
      }, {
         "columnNumber": 248130,
         "functionName": "n.insertPcHtml",
         "lineNumber": 6,
         "scriptId": "19",
         "url": "https://cdn.cookielaw.org/scripttemplates/202606.2.0/otBannerSdk.js"
      }, {
         "columnNumber": 356548,
         "functionName": "",
         "lineNumber": 6,
         "scriptId": "19",
         "url": "https://cdn.cookielaw.org/scripttemplates/202606.2.0/otBannerSdk.js"
      }, {
         "columnNumber": 1976,
         "functionName": "",
         "lineNumber": 6,
         "scriptId": "19",
         "url": "https://cdn.cookielaw.org/scripttemplates/202606.2.0/otBannerSdk.js"
      }, {
         "columnNumber": 946,
         "functionName": "",
         "lineNumber": 6,
         "scriptId": "19",
         "url": "https://cdn.cookielaw.org/scripttemplates/202606.2.0/otBannerSdk.js"
      }, {
         "columnNumber": 697,
         "functionName": "F",
         "lineNumber": 6,
         "scriptId": "19",
         "url": "https://cdn.cookielaw.org/scripttemplates/202606.2.0/otBannerSdk.js"
      }, {
         "columnNumber": 355242,
         "functionName": "Dr.windowLoadBanner",
         "lineNumber": 6,
         "scriptId": "19",
         "url": "https://cdn.cookielaw.org/scripttemplates/202606.2.0/otBannerSdk.js"
      }, {
         "columnNumber": 23482,
         "functionName": "r",
         "lineNumber": 6,
         "scriptId": "19",
         "url": "https://cdn.cookielaw.org/scripttemplates/202606.2.0/otBannerSdk.js"
      }, {
         "columnNumber": 23629,
         "functionName": "a.trigger",
         "lineNumber": 6,
         "scriptId": "19",
         "url": "https://cdn.cookielaw.org/scripttemplates/202606.2.0/otBannerSdk.js"
      }, {
         "columnNumber": 63150,
         "functionName": "",
         "lineNumber": 6,
         "scriptId": "19",
         "url": "https://cdn.cookielaw.org/scripttemplates/202606.2.0/otBannerSdk.js"
      } ]
   }
}
[1789275108.597][DEBUG]: DevTools WebSocket Event: Page.frameRequestedNavigation (session_id=ADD01671FB081D75F474B44D4C57A6D0) 8D801F2DEA53EC3F5B3A16235CEB322A {
   "disposition": "currentTab",
   "frameId": "6BE18F6AD7830BD99878F354FA6D7E94",
   "reason": "initialFrameNavigation",
   "url": "about:blank"
}
[1789275108.597][DEBUG]: DevTools WebSocket Event: Page.frameNavigated (session_id=ADD01671FB081D75F474B44D4C57A6D0) 8D801F2DEA53EC3F5B3A16235CEB322A {
   "frame": {
      "adFrameStatus": {
         "adFrameType": "none",
         "explanations": [  ]
      },
      "crossOriginIsolatedContextType": "NotIsolated",
      "domainAndRegistry": "",
      "gatedAPIFeatures": [  ],
      "id": "6BE18F6AD7830BD99878F354FA6D7E94",
      "loaderId": "01DC6B6785A4F1894133380F5C54A1A6",
      "mimeType": "text/html",
      "name": "",
      "parentId": "8D801F2DEA53EC3F5B3A16235CEB322A",
      "secureContextType": "Secure",
      "securityOrigin": "://",
      "securityOriginDetails": {
         "isLocalhost": false
      },
      "url": "about:blank"
   },
   "type": "Navigation"
}
[1789275108.597][DEBUG]: DevTools WebSocket Event: Page.frameStartedLoading (session_id=ADD01671FB081D75F474B44D4C57A6D0) 8D801F2DEA53EC3F5B3A16235CEB322A {
   "frameId": "6BE18F6AD7830BD99878F354FA6D7E94"
}
[1789275108.599][DEBUG]: DevTools WebSocket Event: Runtime.executionContextCreated (session_id=ADD01671FB081D75F474B44D4C57A6D0) 8D801F2DEA53EC3F5B3A16235CEB322A {
   "context": {
      "auxData": {
         "frameId": "6BE18F6AD7830BD99878F354FA6D7E94",
         "isDefault": true,
         "type": "default"
      },
      "id": 37,
      "name": "",
      "origin": "https://www.betexplorer.com",
      "uniqueId": "8092706746733463558.1049970230833375709"
   }
}
[1789275108.599][DEBUG]: DevTools WebSocket Event: Page.frameStoppedLoading (session_id=ADD01671FB081D75F474B44D4C57A6D0) 8D801F2DEA53EC3F5B3A16235CEB322A {
   "frameId": "6BE18F6AD7830BD99878F354FA6D7E94"
}
[1789275108.600][DEBUG]: DevTools WebSocket Event: Page.frameSubtreeWillBeDetached (session_id=ADD01671FB081D75F474B44D4C57A6D0) 8D801F2DEA53EC3F5B3A16235CEB322A {
   "frameId": "6BE18F6AD7830BD99878F354FA6D7E94"
}
[1789275108.601][DEBUG]: DevTools WebSocket Event: Page.frameDetached (session_id=ADD01671FB081D75F474B44D4C57A6D0) 8D801F2DEA53EC3F5B3A16235CEB322A {
   "frameId": "6BE18F6AD7830BD99878F354FA6D7E94",
   "reason": "remove"
}
[1789275108.602][DEBUG]: DevTools WebSocket Event: Runtime.executionContextDestroyed (session_id=ADD01671FB081D75F474B44D4C57A6D0) 8D801F2DEA53EC3F5B3A16235CEB322A {
   "executionContextId": 37,
   "executionContextUniqueId": "8092706746733463558.1049970230833375709"
}
[1789275108.602][DEBUG]: DevTools WebSocket Event: Page.frameAttached (session_id=ADD01671FB081D75F474B44D4C57A6D0) 8D801F2DEA53EC3F5B3A16235CEB322A {
   "frameId": "B46C43B57EC5B1D87A109ED94A97AABD",
   "parentFrameId": "8D801F2DEA53EC3F5B3A16235CEB322A",
   "stack": {
      "callFrames": [ {
         "columnNumber": 24809,
         "functionName": "a.append",
         "lineNumber": 6,
         "scriptId": "19",
         "url": "https://cdn.cookielaw.org/scripttemplates/202606.2.0/otBannerSdk.js"
      }, {
         "columnNumber": 248183,
         "functionName": "n.insertPcHtml",
         "lineNumber": 6,
         "scriptId": "19",
         "url": "https://cdn.cookielaw.org/scripttemplates/202606.2.0/otBannerSdk.js"
      }, {
         "columnNumber": 356548,
         "functionName": "",
         "lineNumber": 6,
         "scriptId": "19",
         "url": "https://cdn.cookielaw.org/scripttemplates/202606.2.0/otBannerSdk.js"
      }, {
         "columnNumber": 1976,
         "functionName": "",
         "lineNumber": 6,
         "scriptId": "19",
         "url": "https://cdn.cookielaw.org/scripttemplates/202606.2.0/otBannerSdk.js"
      }, {
         "columnNumber": 946,
         "functionName": "",
         "lineNumber": 6,
         "scriptId": "19",
         "url": "https://cdn.cookielaw.org/scripttemplates/202606.2.0/otBannerSdk.js"
      }, {
         "columnNumber": 697,
         "functionName": "F",
         "lineNumber": 6,
         "scriptId": "19",
         "url": "https://cdn.cookielaw.org/scripttemplates/202606.2.0/otBannerSdk.js"
      }, {
         "columnNumber": 355242,
         "functionName": "Dr.windowLoadBanner",
         "lineNumber": 6,
         "scriptId": "19",
         "url": "https://cdn.cookielaw.org/scripttemplates/202606.2.0/otBannerSdk.js"
      }, {
         "columnNumber": 23482,
         "functionName": "r",
         "lineNumber": 6,
         "scriptId": "19",
         "url": "https://cdn.cookielaw.org/scripttemplates/202606.2.0/otBannerSdk.js"
      }, {
         "columnNumber": 23629,
         "functionName": "a.trigger",
         "lineNumber": 6,
         "scriptId": "19",
         "url": "https://cdn.cookielaw.org/scripttemplates/202606.2.0/otBannerSdk.js"
      }, {
         "columnNumber": 63150,
         "functionName": "",
         "lineNumber": 6,
         "scriptId": "19",
         "url": "https://cdn.cookielaw.org/scripttemplates/202606.2.0/otBannerSdk.js"
      } ]
   }
}
[1789275108.602][DEBUG]: DevTools WebSocket Event: Page.frameRequestedNavigation (session_id=ADD01671FB081D75F474B44D4C57A6D0) 8D801F2DEA53EC3F5B3A16235CEB322A {
   "disposition": "currentTab",
   "frameId": "B46C43B57EC5B1D87A109ED94A97AABD",
   "reason": "initialFrameNavigation",
   "url": "about:blank"
}
[1789275108.603][DEBUG]: DevTools WebSocket Event: Page.frameNavigated (session_id=ADD01671FB081D75F474B44D4C57A6D0) 8D801F2DEA53EC3F5B3A16235CEB322A {
   "frame": {
      "adFrameStatus": {
         "adFrameType": "none",
         "explanations": [  ]
      },
      "crossOriginIsolatedContextType": "NotIsolated",
      "domainAndRegistry": "",
      "gatedAPIFeatures": [  ],
      "id": "B46C43B57EC5B1D87A109ED94A97AABD",
      "loaderId": "FDFE9F4F9D15ABD04668E290AC2CDEAF",
      "mimeType": "text/html",
      "name": "",
      "parentId": "8D801F2DEA53EC3F5B3A16235CEB322A",
      "secureContextType": "Secure",
      "securityOrigin": "://",
      "securityOriginDetails": {
         "isLocalhost": false
      },
      "url": "about:blank"
   },
   "type": "Navigation"
}
[1789275108.604][DEBUG]: DevTools WebSocket Event: Page.frameStartedLoading (session_id=ADD01671FB081D75F474B44D4C57A6D0) 8D801F2DEA53EC3F5B3A16235CEB322A {
   "frameId": "B46C43B57EC5B1D87A109ED94A97AABD"
}
[1789275108.605][DEBUG]: DevTools WebSocket Event: Runtime.executionContextCreated (session_id=ADD01671FB081D75F474B44D4C57A6D0) 8D801F2DEA53EC3F5B3A16235CEB322A {
   "context": {
      "auxData": {
         "frameId": "B46C43B57EC5B1D87A109ED94A97AABD",
         "isDefault": true,
         "type": "default"
      },
      "id": 38,
      "name": "",
      "origin": "https://www.betexplorer.com",
      "uniqueId": "4791761084506746840.-723953918309818275"
   }
}
[1789275108.606][DEBUG]: DevTools WebSocket Event: Page.frameStoppedLoading (session_id=ADD01671FB081D75F474B44D4C57A6D0) 8D801F2DEA53EC3F5B3A16235CEB322A {
   "frameId": "B46C43B57EC5B1D87A109ED94A97AABD"
}
[19997:19997:0913/045148.661291:INFO:CONSOLE:0] "[DOM] Input elements should have autocomplete attributes (suggested: "current-password"): (More info: https://goo.gl/9p2vKq) %o", source: https://www.betexplorer.com/football/results/?year=2026&month=09&day=13 (0)
[1789275108.661][DEBUG]: DevTools WebSocket Event: Page.domContentEventFired (session_id=ADD01671FB081D75F474B44D4C57A6D0) 8D801F2DEA53EC3F5B3A16235CEB322A {
   "timestamp": 2355.32267
}
[1789275108.661][DEBUG]: DevTools WebSocket Event: Log.entryAdded (session_id=ADD01671FB081D75F474B44D4C57A6D0) 8D801F2DEA53EC3F5B3A16235CEB322A {
   "entry": {
      "args": [ {
         "className": "HTMLInputElement",
         "description": "input#login_pass.input",
         "objectId": "1920924569108017119.25.1",
         "subtype": "node",
         "type": "object"
      } ],
      "level": "verbose",
      "source": "recommendation",
      "text": "[DOM] Input elements should have autocomplete attributes (suggested: \"current-password\"): (More info: https://goo.gl/9p2vKq) %o",
      "timestamp": 1.789275108660959e+12,
      "url": "https://www.betexplorer.com/football/results/?year=2026&month=09&day=13"
   }
}
[1789275109.140][DEBUG]: DevTools WebSocket Event: Page.frameSubtreeWillBeDetached (session_id=ADD01671FB081D75F474B44D4C57A6D0) 8D801F2DEA53EC3F5B3A16235CEB322A {
   "frameId": "E0F914C96A8B458F421BA03BC1CA881D"
}
[1789275109.144][DEBUG]: DevTools WebSocket Event: Page.frameDetached (session_id=ADD01671FB081D75F474B44D4C57A6D0) 8D801F2DEA53EC3F5B3A16235CEB322A {
   "frameId": "E0F914C96A8B458F421BA03BC1CA881D",
   "reason": "remove"
}
[1789275109.144][DEBUG]: DevTools WebSocket Event: Runtime.executionContextDestroyed (session_id=ADD01671FB081D75F474B44D4C57A6D0) 8D801F2DEA53EC3F5B3A16235CEB322A {
   "executionContextId": 29,
   "executionContextUniqueId": "1463069796326926361.-1756368218819503586"
}
[1789275109.145][DEBUG]: DevTools WebSocket Event: Page.frameAttached (session_id=ADD01671FB081D75F474B44D4C57A6D0) 8D801F2DEA53EC3F5B3A16235CEB322A {
   "frameId": "140AFF2D23E60465FD7AA83A33FF2028",
   "parentFrameId": "8D801F2DEA53EC3F5B3A16235CEB322A",
   "stack": {
      "callFrames": [ {
         "columnNumber": 20730,
         "functionName": "",
         "lineNumber": 3,
         "scriptId": "67",
         "url": "https://www.betexplorer.com/res/js/libs/jquery-1.11.3.min.js?serial=2609081259"
      }, {
         "columnNumber": 22915,
         "functionName": "domManip",
         "lineNumber": 3,
         "scriptId": "67",
         "url": "https://www.betexplorer.com/res/js/libs/jquery-1.11.3.min.js?serial=2609081259"
      }, {
         "columnNumber": 20619,
         "functionName": "append",
         "lineNumber": 3,
         "scriptId": "67",
         "url": "https://www.betexplorer.com/res/js/libs/jquery-1.11.3.min.js?serial=2609081259"
      }, {
         "columnNumber": 23433,
         "functionName": "m.fn.\u003Ccomputed>",
         "lineNumber": 3,
         "scriptId": "67",
         "url": "https://www.betexplorer.com/res/js/libs/jquery-1.11.3.min.js?serial=2609081259"
      }, {
         "columnNumber": 129529,
         "functionName": "",
         "lineNumber": 15,
         "scriptId": "68",
         "url": "https://www.betexplorer.com/res/js/all.min.js?serial=2609081259"
      }, {
         "columnNumber": 2974,
         "functionName": "each",
         "lineNumber": 1,
         "scriptId": "67",
         "url": "https://www.betexplorer.com/res/js/libs/jquery-1.11.3.min.js?serial=2609081259"
      }, {
         "columnNumber": 834,
         "functionName": "each",
         "lineNumber": 1,
         "scriptId": "67",
         "url": "https://www.betexplorer.com/res/js/libs/jquery-1.11.3.min.js?serial=2609081259"
      }, {
         "columnNumber": 129505,
         "functionName": "",
         "lineNumber": 15,
         "scriptId": "68",
         "url": "https://www.betexplorer.com/res/js/all.min.js?serial=2609081259"
      }, {
         "columnNumber": 2974,
         "functionName": "each",
         "lineNumber": 1,
         "scriptId": "67",
         "url": "https://www.betexplorer.com/res/js/libs/jquery-1.11.3.min.js?serial=2609081259"
      }, {
         "columnNumber": 834,
         "functionName": "each",
         "lineNumber": 1,
         "scriptId": "67",
         "url": "https://www.betexplorer.com/res/js/libs/jquery-1.11.3.min.js?serial=2609081259"
      }, {
         "columnNumber": 129422,
         "functionName": "nr_add_banners_space",
         "lineNumber": 15,
         "scriptId": "68",
         "url": "https://www.betexplorer.com/res/js/all.min.js?serial=2609081259"
      }, {
         "columnNumber": 115021,
         "functionName": "success",
         "lineNumber": 15,
         "scriptId": "68",
         "url": "https://www.betexplorer.com/res/js/all.min.js?serial=2609081259"
      }, {
         "columnNumber": 27308,
         "functionName": "j",
         "lineNumber": 1,
         "scriptId": "67",
         "url": "https://www.betexplorer.com/res/js/libs/jquery-1.11.3.min.js?serial=2609081259"
      }, {
         "columnNumber": 28121,
         "functionName": "fireWith",
         "lineNumber": 1,
         "scriptId": "67",
         "url": "https://www.betexplorer.com/res/js/libs/jquery-1.11.3.min.js?serial=2609081259"
      }, {
         "columnNumber": 22110,
         "functionName": "x",
         "lineNumber": 4,
         "scriptId": "67",
         "url": "https://www.betexplorer.com/res/js/libs/jquery-1.11.3.min.js?serial=2609081259"
      }, {
         "columnNumber": 26029,
         "functionName": "b",
         "lineNumber": 4,
         "scriptId": "67",
         "url": "https://www.betexplorer.com/res/js/libs/jquery-1.11.3.min.js?serial=2609081259"
      } ]
   }
}
[1789275109.145][DEBUG]: DevTools WebSocket Event: Page.frameRequestedNavigation (session_id=ADD01671FB081D75F474B44D4C57A6D0) 8D801F2DEA53EC3F5B3A16235CEB322A {
   "disposition": "currentTab",
   "frameId": "140AFF2D23E60465FD7AA83A33FF2028",
   "reason": "initialFrameNavigation",
   "url": "about:blank"
}
[1789275109.145][DEBUG]: DevTools WebSocket Event: Page.frameNavigated (session_id=ADD01671FB081D75F474B44D4C57A6D0) 8D801F2DEA53EC3F5B3A16235CEB322A {
   "frame": {
      "adFrameStatus": {
         "adFrameType": "none",
         "explanations": [  ]
      },
      "crossOriginIsolatedContextType": "NotIsolated",
      "domainAndRegistry": "",
      "gatedAPIFeatures": [  ],
      "id": "140AFF2D23E60465FD7AA83A33FF2028",
      "loaderId": "E4CF954CD0525D6692E23A2742C56FD4",
      "mimeType": "text/html",
      "name": "banx-rs1_tablet",
      "parentId": "8D801F2DEA53EC3F5B3A16235CEB322A",
      "secureContextType": "Secure",
      "securityOrigin": "://",
      "securityOriginDetails": {
         "isLocalhost": false
      },
      "url": "about:blank"
   },
   "type": "Navigation"
}
[1789275109.145][DEBUG]: DevTools WebSocket Event: Page.frameStartedLoading (session_id=ADD01671FB081D75F474B44D4C57A6D0) 8D801F2DEA53EC3F5B3A16235CEB322A {
   "frameId": "140AFF2D23E60465FD7AA83A33FF2028"
}
[1789275109.147][DEBUG]: DevTools WebSocket Event: Runtime.executionContextCreated (session_id=ADD01671FB081D75F474B44D4C57A6D0) 8D801F2DEA53EC3F5B3A16235CEB322A {
   "context": {
      "auxData": {
         "frameId": "140AFF2D23E60465FD7AA83A33FF2028",
         "isDefault": true,
         "type": "default"
      },
      "id": 39,
      "name": "",
      "origin": "https://www.betexplorer.com",
      "uniqueId": "8181125024012766386.-3907214894912740119"
   }
}
[1789275109.147][DEBUG]: DevTools WebSocket Event: Page.frameStoppedLoading (session_id=ADD01671FB081D75F474B44D4C57A6D0) 8D801F2DEA53EC3F5B3A16235CEB322A {
   "frameId": "140AFF2D23E60465FD7AA83A33FF2028"
}
[1789275109.148][DEBUG]: DevTools WebSocket Event: Page.frameSubtreeWillBeDetached (session_id=ADD01671FB081D75F474B44D4C57A6D0) 8D801F2DEA53EC3F5B3A16235CEB322A {
   "frameId": "1A496166DEBBCB64C7100EB5791075F1"
}
[1789275109.150][DEBUG]: DevTools WebSocket Event: Page.frameDetached (session_id=ADD01671FB081D75F474B44D4C57A6D0) 8D801F2DEA53EC3F5B3A16235CEB322A {
   "frameId": "1A496166DEBBCB64C7100EB5791075F1",
   "reason": "remove"
}
[1789275109.151][DEBUG]: DevTools WebSocket Event: Runtime.executionContextDestroyed (session_id=ADD01671FB081D75F474B44D4C57A6D0) 8D801F2DEA53EC3F5B3A16235CEB322A {
   "executionContextId": 30,
   "executionContextUniqueId": "-5631565453074692630.-519279223327559980"
}
[1789275109.151][DEBUG]: DevTools WebSocket Event: Page.frameAttached (session_id=ADD01671FB081D75F474B44D4C57A6D0) 8D801F2DEA53EC3F5B3A16235CEB322A {
   "frameId": "CCCC65D442A0ED4D971709F708DC40C5",
   "parentFrameId": "8D801F2DEA53EC3F5B3A16235CEB322A",
   "stack": {
      "callFrames": [ {
         "columnNumber": 20730,
         "functionName": "",
         "lineNumber": 3,
         "scriptId": "67",
         "url": "https://www.betexplorer.com/res/js/libs/jquery-1.11.3.min.js?serial=2609081259"
      }, {
         "columnNumber": 22915,
         "functionName": "domManip",
         "lineNumber": 3,
         "scriptId": "67",
         "url": "https://www.betexplorer.com/res/js/libs/jquery-1.11.3.min.js?serial=2609081259"
      }, {
         "columnNumber": 20619,
         "functionName": "append",
         "lineNumber": 3,
         "scriptId": "67",
         "url": "https://www.betexplorer.com/res/js/libs/jquery-1.11.3.min.js?serial=2609081259"
      }, {
         "columnNumber": 23433,
         "functionName": "m.fn.\u003Ccomputed>",
         "lineNumber": 3,
         "scriptId": "67",
         "url": "https://www.betexplorer.com/res/js/libs/jquery-1.11.3.min.js?serial=2609081259"
      }, {
         "columnNumber": 129529,
         "functionName": "",
         "lineNumber": 15,
         "scriptId": "68",
         "url": "https://www.betexplorer.com/res/js/all.min.js?serial=2609081259"
      }, {
         "columnNumber": 2974,
         "functionName": "each",
         "lineNumber": 1,
         "scriptId": "67",
         "url": "https://www.betexplorer.com/res/js/libs/jquery-1.11.3.min.js?serial=2609081259"
      }, {
         "columnNumber": 834,
         "functionName": "each",
         "lineNumber": 1,
         "scriptId": "67",
         "url": "https://www.betexplorer.com/res/js/libs/jquery-1.11.3.min.js?serial=2609081259"
      }, {
         "columnNumber": 129505,
         "functionName": "",
         "lineNumber": 15,
         "scriptId": "68",
         "url": "https://www.betexplorer.com/res/js/all.min.js?serial=2609081259"
      }, {
         "columnNumber": 2974,
         "functionName": "each",
         "lineNumber": 1,
         "scriptId": "67",
         "url": "https://www.betexplorer.com/res/js/libs/jquery-1.11.3.min.js?serial=2609081259"
      }, {
         "columnNumber": 834,
         "functionName": "each",
         "lineNumber": 1,
         "scriptId": "67",
         "url": "https://www.betexplorer.com/res/js/libs/jquery-1.11.3.min.js?serial=2609081259"
      }, {
         "columnNumber": 129422,
         "functionName": "nr_add_banners_space",
         "lineNumber": 15,
         "scriptId": "68",
         "url": "https://www.betexplorer.com/res/js/all.min.js?serial=2609081259"
      }, {
         "columnNumber": 115021,
         "functionName": "success",
         "lineNumber": 15,
         "scriptId": "68",
         "url": "https://www.betexplorer.com/res/js/all.min.js?serial=2609081259"
      }, {
         "columnNumber": 27308,
         "functionName": "j",
         "lineNumber": 1,
         "scriptId": "67",
         "url": "https://www.betexplorer.com/res/js/libs/jquery-1.11.3.min.js?serial=2609081259"
      }, {
         "columnNumber": 28121,
         "functionName": "fireWith",
         "lineNumber": 1,
         "scriptId": "67",
         "url": "https://www.betexplorer.com/res/js/libs/jquery-1.11.3.min.js?serial=2609081259"
      }, {
         "columnNumber": 22110,
         "functionName": "x",
         "lineNumber": 4,
         "scriptId": "67",
         "url": "https://www.betexplorer.com/res/js/libs/jquery-1.11.3.min.js?serial=2609081259"
      }, {
         "columnNumber": 26029,
         "functionName": "b",
         "lineNumber": 4,
         "scriptId": "67",
         "url": "https://www.betexplorer.com/res/js/libs/jquery-1.11.3.min.js?serial=2609081259"
      } ]
   }
}
[1789275109.151][DEBUG]: DevTools WebSocket Event: Page.frameRequestedNavigation (session_id=ADD01671FB081D75F474B44D4C57A6D0) 8D801F2DEA53EC3F5B3A16235CEB322A {
   "disposition": "currentTab",
   "frameId": "CCCC65D442A0ED4D971709F708DC40C5",
   "reason": "initialFrameNavigation",
   "url": "about:blank"
}
[1789275109.151][DEBUG]: DevTools WebSocket Event: Page.frameNavigated (session_id=ADD01671FB081D75F474B44D4C57A6D0) 8D801F2DEA53EC3F5B3A16235CEB322A {
   "frame": {
      "adFrameStatus": {
         "adFrameType": "none",
         "explanations": [  ]
      },
      "crossOriginIsolatedContextType": "NotIsolated",
      "domainAndRegistry": "",
      "gatedAPIFeatures": [  ],
      "id": "CCCC65D442A0ED4D971709F708DC40C5",
      "loaderId": "A3A2DA9F84A5EA08D2AFBEE164F1C7D0",
      "mimeType": "text/html",
      "name": "banx-rs1_mobile",
      "parentId": "8D801F2DEA53EC3F5B3A16235CEB322A",
      "secureContextType": "Secure",
      "securityOrigin": "://",
      "securityOriginDetails": {
         "isLocalhost": false
      },
      "url": "about:blank"
   },
   "type": "Navigation"
}
[1789275109.152][DEBUG]: DevTools WebSocket Event: Page.frameStartedLoading (session_id=ADD01671FB081D75F474B44D4C57A6D0) 8D801F2DEA53EC3F5B3A16235CEB322A {
   "frameId": "CCCC65D442A0ED4D971709F708DC40C5"
}
[1789275109.152][DEBUG]: DevTools WebSocket Event: Runtime.executionContextCreated (session_id=ADD01671FB081D75F474B44D4C57A6D0) 8D801F2DEA53EC3F5B3A16235CEB322A {
   "context": {
      "auxData": {
         "frameId": "CCCC65D442A0ED4D971709F708DC40C5",
         "isDefault": true,
         "type": "default"
      },
      "id": 40,
      "name": "",
      "origin": "https://www.betexplorer.com",
      "uniqueId": "-5127267892297990526.-79819122983262673"
   }
}
[1789275109.152][DEBUG]: DevTools WebSocket Event: Page.frameStoppedLoading (session_id=ADD01671FB081D75F474B44D4C57A6D0) 8D801F2DEA53EC3F5B3A16235CEB322A {
   "frameId": "CCCC65D442A0ED4D971709F708DC40C5"
}
[1789275109.152][DEBUG]: DevTools WebSocket Event: Page.frameSubtreeWillBeDetached (session_id=ADD01671FB081D75F474B44D4C57A6D0) 8D801F2DEA53EC3F5B3A16235CEB322A {
   "frameId": "30BA57F8129C0042941E72B8F650E6D6"
}
[1789275109.158][DEBUG]: DevTools WebSocket Event: Page.frameDetached (session_id=ADD01671FB081D75F474B44D4C57A6D0) 8D801F2DEA53EC3F5B3A16235CEB322A {
   "frameId": "30BA57F8129C0042941E72B8F650E6D6",
   "reason": "remove"
}
[1789275109.158][DEBUG]: DevTools WebSocket Event: Runtime.executionContextDestroyed (session_id=ADD01671FB081D75F474B44D4C57A6D0) 8D801F2DEA53EC3F5B3A16235CEB322A {
   "executionContextId": 31,
   "executionContextUniqueId": "-7882025964774403951.7520219635029735714"
}
[1789275109.159][DEBUG]: DevTools WebSocket Event: Page.frameAttached (session_id=ADD01671FB081D75F474B44D4C57A6D0) 8D801F2DEA53EC3F5B3A16235CEB322A {
   "frameId": "A405F7CEAC1D1E8921F81C388F4CC28C",
   "parentFrameId": "8D801F2DEA53EC3F5B3A16235CEB322A",
   "stack": {
      "callFrames": [ {
         "columnNumber": 20730,
         "functionName": "",
         "lineNumber": 3,
         "scriptId": "67",
         "url": "https://www.betexplorer.com/res/js/libs/jquery-1.11.3.min.js?serial=2609081259"
      }, {
         "columnNumber": 22915,
         "functionName": "domManip",
         "lineNumber": 3,
         "scriptId": "67",
         "url": "https://www.betexplorer.com/res/js/libs/jquery-1.11.3.min.js?serial=2609081259"
      }, {
         "columnNumber": 20619,
         "functionName": "append",
         "lineNumber": 3,
         "scriptId": "67",
         "url": "https://www.betexplorer.com/res/js/libs/jquery-1.11.3.min.js?serial=2609081259"
      }, {
         "columnNumber": 23433,
         "functionName": "m.fn.\u003Ccomputed>",
         "lineNumber": 3,
         "scriptId": "67",
         "url": "https://www.betexplorer.com/res/js/libs/jquery-1.11.3.min.js?serial=2609081259"
      }, {
         "columnNumber": 129529,
         "functionName": "",
         "lineNumber": 15,
         "scriptId": "68",
         "url": "https://www.betexplorer.com/res/js/all.min.js?serial=2609081259"
      }, {
         "columnNumber": 2974,
         "functionName": "each",
         "lineNumber": 1,
         "scriptId": "67",
         "url": "https://www.betexplorer.com/res/js/libs/jquery-1.11.3.min.js?serial=2609081259"
      }, {
         "columnNumber": 834,
         "functionName": "each",
         "lineNumber": 1,
         "scriptId": "67",
         "url": "https://www.betexplorer.com/res/js/libs/jquery-1.11.3.min.js?serial=2609081259"
      }, {
         "columnNumber": 129505,
         "functionName": "",
         "lineNumber": 15,
         "scriptId": "68",
         "url": "https://www.betexplorer.com/res/js/all.min.js?serial=2609081259"
      }, {
         "columnNumber": 2974,
         "functionName": "each",
         "lineNumber": 1,
         "scriptId": "67",
         "url": "https://www.betexplorer.com/res/js/libs/jquery-1.11.3.min.js?serial=2609081259"
      }, {
         "columnNumber": 834,
         "functionName": "each",
         "lineNumber": 1,
         "scriptId": "67",
         "url": "https://www.betexplorer.com/res/js/libs/jquery-1.11.3.min.js?serial=2609081259"
      }, {
         "columnNumber": 129422,
         "functionName": "nr_add_banners_space",
         "lineNumber": 15,
         "scriptId": "68",
         "url": "https://www.betexplorer.com/res/js/all.min.js?serial=2609081259"
      }, {
         "columnNumber": 115021,
         "functionName": "success",
         "lineNumber": 15,
         "scriptId": "68",
         "url": "https://www.betexplorer.com/res/js/all.min.js?serial=2609081259"
      }, {
         "columnNumber": 27308,
         "functionName": "j",
         "lineNumber": 1,
         "scriptId": "67",
         "url": "https://www.betexplorer.com/res/js/libs/jquery-1.11.3.min.js?serial=2609081259"
      }, {
         "columnNumber": 28121,
         "functionName": "fireWith",
         "lineNumber": 1,
         "scriptId": "67",
         "url": "https://www.betexplorer.com/res/js/libs/jquery-1.11.3.min.js?serial=2609081259"
      }, {
         "columnNumber": 22110,
         "functionName": "x",
         "lineNumber": 4,
         "scriptId": "67",
         "url": "https://www.betexplorer.com/res/js/libs/jquery-1.11.3.min.js?serial=2609081259"
      }, {
         "columnNumber": 26029,
         "functionName": "b",
         "lineNumber": 4,
         "scriptId": "67",
         "url": "https://www.betexplorer.com/res/js/libs/jquery-1.11.3.min.js?serial=2609081259"
      } ]
   }
}
[1789275109.159][DEBUG]: DevTools WebSocket Event: Page.frameRequestedNavigation (session_id=ADD01671FB081D75F474B44D4C57A6D0) 8D801F2DEA53EC3F5B3A16235CEB322A {
   "disposition": "currentTab",
   "frameId": "A405F7CEAC1D1E8921F81C388F4CC28C",
   "reason": "initialFrameNavigation",
   "url": "about:blank"
}
[1789275109.159][DEBUG]: DevTools WebSocket Event: Page.frameNavigated (session_id=ADD01671FB081D75F474B44D4C57A6D0) 8D801F2DEA53EC3F5B3A16235CEB322A {
   "frame": {
      "adFrameStatus": {
         "adFrameType": "none",
         "explanations": [  ]
      },
      "crossOriginIsolatedContextType": "NotIsolated",
      "domainAndRegistry": "",
      "gatedAPIFeatures": [  ],
      "id": "A405F7CEAC1D1E8921F81C388F4CC28C",
      "loaderId": "351340F23015965FD33D7CCE9D6C5D08",
      "mimeType": "text/html",
      "name": "banx-rs2_tablet",
      "parentId": "8D801F2DEA53EC3F5B3A16235CEB322A",
      "secureContextType": "Secure",
      "securityOrigin": "://",
      "securityOriginDetails": {
         "isLocalhost": false
      },
      "url": "about:blank"
   },
   "type": "Navigation"
}
[1789275109.161][DEBUG]: DevTools WebSocket Event: Page.frameStartedLoading (session_id=ADD01671FB081D75F474B44D4C57A6D0) 8D801F2DEA53EC3F5B3A16235CEB322A {
   "frameId": "A405F7CEAC1D1E8921F81C388F4CC28C"
}
[1789275109.162][DEBUG]: DevTools WebSocket Event: Runtime.executionContextCreated (session_id=ADD01671FB081D75F474B44D4C57A6D0) 8D801F2DEA53EC3F5B3A16235CEB322A {
   "context": {
      "auxData": {
         "frameId": "A405F7CEAC1D1E8921F81C388F4CC28C",
         "isDefault": true,
         "type": "default"
      },
      "id": 41,
      "name": "",
      "origin": "https://www.betexplorer.com",
      "uniqueId": "2195252238403913166.-8557219218223710010"
   }
}
[1789275109.162][DEBUG]: DevTools WebSocket Event: Page.frameStoppedLoading (session_id=ADD01671FB081D75F474B44D4C57A6D0) 8D801F2DEA53EC3F5B3A16235CEB322A {
   "frameId": "A405F7CEAC1D1E8921F81C388F4CC28C"
}
[1789275109.162][DEBUG]: DevTools WebSocket Event: Page.frameSubtreeWillBeDetached (session_id=ADD01671FB081D75F474B44D4C57A6D0) 8D801F2DEA53EC3F5B3A16235CEB322A {
   "frameId": "3C3768E3BFFDECB9D17C6BF0FDA80959"
}
[1789275109.164][DEBUG]: DevTools WebSocket Event: Page.frameDetached (session_id=ADD01671FB081D75F474B44D4C57A6D0) 8D801F2DEA53EC3F5B3A16235CEB322A {
   "frameId": "3C3768E3BFFDECB9D17C6BF0FDA80959",
   "reason": "remove"
}
[1789275109.165][DEBUG]: DevTools WebSocket Event: Runtime.executionContextDestroyed (session_id=ADD01671FB081D75F474B44D4C57A6D0) 8D801F2DEA53EC3F5B3A16235CEB322A {
   "executionContextId": 32,
   "executionContextUniqueId": "-3704342828407068928.-3730248661708682119"
}
[1789275109.165][DEBUG]: DevTools WebSocket Event: Page.frameAttached (session_id=ADD01671FB081D75F474B44D4C57A6D0) 8D801F2DEA53EC3F5B3A16235CEB322A {
   "frameId": "629385CA2F725CC481434EE3AB359CA6",
   "parentFrameId": "8D801F2DEA53EC3F5B3A16235CEB322A",
   "stack": {
      "callFrames": [ {
         "columnNumber": 20730,
         "functionName": "",
         "lineNumber": 3,
         "scriptId": "67",
         "url": "https://www.betexplorer.com/res/js/libs/jquery-1.11.3.min.js?serial=2609081259"
      }, {
         "columnNumber": 22915,
         "functionName": "domManip",
         "lineNumber": 3,
         "scriptId": "67",
         "url": "https://www.betexplorer.com/res/js/libs/jquery-1.11.3.min.js?serial=2609081259"
      }, {
         "columnNumber": 20619,
         "functionName": "append",
         "lineNumber": 3,
         "scriptId": "67",
         "url": "https://www.betexplorer.com/res/js/libs/jquery-1.11.3.min.js?serial=2609081259"
      }, {
         "columnNumber": 23433,
         "functionName": "m.fn.\u003Ccomputed>",
         "lineNumber": 3,
         "scriptId": "67",
         "url": "https://www.betexplorer.com/res/js/libs/jquery-1.11.3.min.js?serial=2609081259"
      }, {
         "columnNumber": 129529,
         "functionName": "",
         "lineNumber": 15,
         "scriptId": "68",
         "url": "https://www.betexplorer.com/res/js/all.min.js?serial=2609081259"
      }, {
         "columnNumber": 2974,
         "functionName": "each",
         "lineNumber": 1,
         "scriptId": "67",
         "url": "https://www.betexplorer.com/res/js/libs/jquery-1.11.3.min.js?serial=2609081259"
      }, {
         "columnNumber": 834,
         "functionName": "each",
         "lineNumber": 1,
         "scriptId": "67",
         "url": "https://www.betexplorer.com/res/js/libs/jquery-1.11.3.min.js?serial=2609081259"
      }, {
         "columnNumber": 129505,
         "functionName": "",
         "lineNumber": 15,
         "scriptId": "68",
         "url": "https://www.betexplorer.com/res/js/all.min.js?serial=2609081259"
      }, {
         "columnNumber": 2974,
         "functionName": "each",
         "lineNumber": 1,
         "scriptId": "67",
         "url": "https://www.betexplorer.com/res/js/libs/jquery-1.11.3.min.js?serial=2609081259"
      }, {
         "columnNumber": 834,
         "functionName": "each",
         "lineNumber": 1,
         "scriptId": "67",
         "url": "https://www.betexplorer.com/res/js/libs/jquery-1.11.3.min.js?serial=2609081259"
      }, {
         "columnNumber": 129422,
         "functionName": "nr_add_banners_space",
         "lineNumber": 15,
         "scriptId": "68",
         "url": "https://www.betexplorer.com/res/js/all.min.js?serial=2609081259"
      }, {
         "columnNumber": 115021,
         "functionName": "success",
         "lineNumber": 15,
         "scriptId": "68",
         "url": "https://www.betexplorer.com/res/js/all.min.js?serial=2609081259"
      }, {
         "columnNumber": 27308,
         "functionName": "j",
         "lineNumber": 1,
         "scriptId": "67",
         "url": "https://www.betexplorer.com/res/js/libs/jquery-1.11.3.min.js?serial=2609081259"
      }, {
         "columnNumber": 28121,
         "functionName": "fireWith",
         "lineNumber": 1,
         "scriptId": "67",
         "url": "https://www.betexplorer.com/res/js/libs/jquery-1.11.3.min.js?serial=2609081259"
      }, {
         "columnNumber": 22110,
         "functionName": "x",
         "lineNumber": 4,
         "scriptId": "67",
         "url": "https://www.betexplorer.com/res/js/libs/jquery-1.11.3.min.js?serial=2609081259"
      }, {
         "columnNumber": 26029,
         "functionName": "b",
         "lineNumber": 4,
         "scriptId": "67",
         "url": "https://www.betexplorer.com/res/js/libs/jquery-1.11.3.min.js?serial=2609081259"
      } ]
   }
}
[1789275109.165][DEBUG]: DevTools WebSocket Event: Page.frameRequestedNavigation (session_id=ADD01671FB081D75F474B44D4C57A6D0) 8D801F2DEA53EC3F5B3A16235CEB322A {
   "disposition": "currentTab",
   "frameId": "629385CA2F725CC481434EE3AB359CA6",
   "reason": "initialFrameNavigation",
   "url": "about:blank"
}
[1789275109.165][DEBUG]: DevTools WebSocket Event: Page.frameNavigated (session_id=ADD01671FB081D75F474B44D4C57A6D0) 8D801F2DEA53EC3F5B3A16235CEB322A {
   "frame": {
      "adFrameStatus": {
         "adFrameType": "none",
         "explanations": [  ]
      },
      "crossOriginIsolatedContextType": "NotIsolated",
      "domainAndRegistry": "",
      "gatedAPIFeatures": [  ],
      "id": "629385CA2F725CC481434EE3AB359CA6",
      "loaderId": "B26F5E8CA09660635932A0F1BE8B92D2",
      "mimeType": "text/html",
      "name": "banx-rs2_mobile",
      "parentId": "8D801F2DEA53EC3F5B3A16235CEB322A",
      "secureContextType": "Secure",
      "securityOrigin": "://",
      "securityOriginDetails": {
         "isLocalhost": false
      },
      "url": "about:blank"
   },
   "type": "Navigation"
}
[1789275109.167][DEBUG]: DevTools WebSocket Event: Page.frameStartedLoading (session_id=ADD01671FB081D75F474B44D4C57A6D0) 8D801F2DEA53EC3F5B3A16235CEB322A {
   "frameId": "629385CA2F725CC481434EE3AB359CA6"
}
[1789275109.167][DEBUG]: DevTools WebSocket Event: Runtime.executionContextCreated (session_id=ADD01671FB081D75F474B44D4C57A6D0) 8D801F2DEA53EC3F5B3A16235CEB322A {
   "context": {
      "auxData": {
         "frameId": "629385CA2F725CC481434EE3AB359CA6",
         "isDefault": true,
         "type": "default"
      },
      "id": 42,
      "name": "",
      "origin": "https://www.betexplorer.com",
      "uniqueId": "-2664301822569226673.-6210599345461676240"
   }
}
[1789275109.167][DEBUG]: DevTools WebSocket Event: Page.frameStoppedLoading (session_id=ADD01671FB081D75F474B44D4C57A6D0) 8D801F2DEA53EC3F5B3A16235CEB322A {
   "frameId": "629385CA2F725CC481434EE3AB359CA6"
}
[1789275109.236][DEBUG]: DevTools WebSocket Event: Target.attachedToTarget (session_id=ADD01671FB081D75F474B44D4C57A6D0) 8D801F2DEA53EC3F5B3A16235CEB322A {
   "sessionId": "AFAD3F578C6AD30C20EC969CED8CD9E6",
   "targetInfo": {
      "attached": true,
      "browserContextId": "090D8DB6DC06E523ACE0155686029545",
      "canAccessOpener": false,
      "parentFrameId": "8D801F2DEA53EC3F5B3A16235CEB322A",
      "parentId": "8D801F2DEA53EC3F5B3A16235CEB322A",
      "targetId": "7642F32FAD68A7190856BD6FF021D929",
      "title": "https://www.betexplorer.com/res/js/timer-worker.js",
      "type": "worker",
      "url": "https://www.betexplorer.com/res/js/timer-worker.js"
   },
   "waitingForDebugger": false
}
[1789275109.262][DEBUG]: DevTools WebSocket Event: Page.documentOpened (session_id=ADD01671FB081D75F474B44D4C57A6D0) 8D801F2DEA53EC3F5B3A16235CEB322A {
   "frame": {
      "adFrameStatus": {
         "adFrameType": "none",
         "explanations": [  ]
      },
      "crossOriginIsolatedContextType": "NotIsolated",
      "domainAndRegistry": "betexplorer.com",
      "gatedAPIFeatures": [  ],
      "id": "ABCF774B5A74FA7254ED9CE2444C3A3B",
      "loaderId": "1E11EC624EC46BE85568039FB0A2D156",
      "mimeType": "text/html",
      "name": "banx-top_desktop",
      "parentId": "8D801F2DEA53EC3F5B3A16235CEB322A",
      "secureContextType": "Secure",
      "securityOrigin": "https://www.betexplorer.com",
      "securityOriginDetails": {
         "isLocalhost": false
      },
      "url": "https://www.betexplorer.com/football/results/?year=2026&month=09&day=13"
   }
}
[1789275109.273][DEBUG]: DevTools WebSocket Event: Page.documentOpened (session_id=ADD01671FB081D75F474B44D4C57A6D0) 8D801F2DEA53EC3F5B3A16235CEB322A {
   "frame": {
      "adFrameStatus": {
         "adFrameType": "none",
         "explanations": [  ]
      },
      "crossOriginIsolatedContextType": "NotIsolated",
      "domainAndRegistry": "betexplorer.com",
      "gatedAPIFeatures": [  ],
      "id": "9EB819FBBDE565D0D1CD99A257223961",
      "loaderId": "33ECAB112881A48BED1C9079AC462235",
      "mimeType": "text/html",
      "name": "banx-rs1_desktop",
      "parentId": "8D801F2DEA53EC3F5B3A16235CEB322A",
      "secureContextType": "Secure",
      "securityOrigin": "https://www.betexplorer.com",
      "securityOriginDetails": {
         "isLocalhost": false
      },
      "url": "https://www.betexplorer.com/football/results/?year=2026&month=09&day=13"
   }
}
[1789275110.248][DEBUG]: DevTools WebSocket Event: Target.detachedFromTarget (session_id=ADD01671FB081D75F474B44D4C57A6D0) 8D801F2DEA53EC3F5B3A16235CEB322A {
   "sessionId": "AFAD3F578C6AD30C20EC969CED8CD9E6",
   "targetId": "7642F32FAD68A7190856BD6FF021D929"
}
[1789275110.251][DEBUG]: DevTools WebSocket Event: Runtime.executionContextsCleared (session_id=ADD01671FB081D75F474B44D4C57A6D0) 8D801F2DEA53EC3F5B3A16235CEB322A {
}
[1789275110.252][DEBUG]: DevTools WebSocket Event: Page.frameStartedLoading (session_id=ADD01671FB081D75F474B44D4C57A6D0) 8D801F2DEA53EC3F5B3A16235CEB322A {
   "frameId": "8D801F2DEA53EC3F5B3A16235CEB322A"
}
[1789275110.289][DEBUG]: DevTools WebSocket Event: Runtime.executionContextsCleared (session_id=ADD01671FB081D75F474B44D4C57A6D0) 8D801F2DEA53EC3F5B3A16235CEB322A {
}
[1789275110.289][DEBUG]: DevTools WebSocket Event: Page.frameNavigated (session_id=ADD01671FB081D75F474B44D4C57A6D0) 8D801F2DEA53EC3F5B3A16235CEB322A {
   "frame": {
      "adFrameStatus": {
         "adFrameType": "none"
      },
      "crossOriginIsolatedContextType": "NotIsolated",
      "domainAndRegistry": "betexplorer.com",
      "gatedAPIFeatures": [  ],
      "id": "8D801F2DEA53EC3F5B3A16235CEB322A",
      "loaderId": "96923E7EDBB391B4B87B8E5E4A327BDB",
      "mimeType": "text/html",
      "secureContextType": "Secure",
      "securityOrigin": "https://www.betexplorer.com",
      "securityOriginDetails": {
         "isLocalhost": false
      },
      "url": "https://www.betexplorer.com/football/results/?year=2026&month=09&day=13"
   },
   "type": "Navigation"
}
[1789275110.302][DEBUG]: DevTools WebSocket Event: Runtime.executionContextCreated (session_id=ADD01671FB081D75F474B44D4C57A6D0) 8D801F2DEA53EC3F5B3A16235CEB322A {
   "context": {
      "auxData": {
         "frameId": "8D801F2DEA53EC3F5B3A16235CEB322A",
         "isDefault": true,
         "type": "default"
      },
      "id": 43,
      "name": "",
      "origin": "https://www.betexplorer.com",
      "uniqueId": "7048529885223837796.275685274638081227"
   }
}
[1789275110.313][DEBUG]: DevTools WebSocket Response: Runtime.evaluate (id=42) (session_id=ADD01671FB081D75F474B44D4C57A6D0) 8D801F2DEA53EC3F5B3A16235CEB322A {
   "result": {
      "description": "1",
      "type": "number",
      "value": 1
   }
}
[1789275110.319][DEBUG]: DevTools WebSocket Event: Page.frameAttached (session_id=ADD01671FB081D75F474B44D4C57A6D0) 8D801F2DEA53EC3F5B3A16235CEB322A {
   "frameId": "582A8BC65AA497E814CE30FB5AC391AC",
   "parentFrameId": "8D801F2DEA53EC3F5B3A16235CEB322A"
}
[1789275110.319][DEBUG]: DevTools WebSocket Command: Runtime.evaluate (id=43) (session_id=ADD01671FB081D75F474B44D4C57A6D0) 8D801F2DEA53EC3F5B3A16235CEB322A {
   "expression": "1"
}
[1789275110.320][DEBUG]: DevTools WebSocket Event: Page.frameRequestedNavigation (session_id=ADD01671FB081D75F474B44D4C57A6D0) 8D801F2DEA53EC3F5B3A16235CEB322A {
   "disposition": "currentTab",
   "frameId": "582A8BC65AA497E814CE30FB5AC391AC",
   "reason": "initialFrameNavigation",
   "url": "about:blank"
}
[1789275110.320][DEBUG]: DevTools WebSocket Event: Page.frameNavigated (session_id=ADD01671FB081D75F474B44D4C57A6D0) 8D801F2DEA53EC3F5B3A16235CEB322A {
   "frame": {
      "adFrameStatus": {
         "adFrameType": "none",
         "explanations": [  ]
      },
      "crossOriginIsolatedContextType": "NotIsolated",
      "domainAndRegistry": "",
      "gatedAPIFeatures": [  ],
      "id": "582A8BC65AA497E814CE30FB5AC391AC",
      "loaderId": "CC4E53BAB65E67B35FAE85CCCAF756F6",
      "mimeType": "text/html",
      "name": "banx-top_desktop",
      "parentId": "8D801F2DEA53EC3F5B3A16235CEB322A",
      "secureContextType": "Secure",
      "securityOrigin": "://",
      "securityOriginDetails": {
         "isLocalhost": false
      },
      "url": "about:blank"
   },
   "type": "Navigation"
}
[1789275110.321][DEBUG]: DevTools WebSocket Event: Page.frameStartedLoading (session_id=ADD01671FB081D75F474B44D4C57A6D0) 8D801F2DEA53EC3F5B3A16235CEB322A {
   "frameId": "582A8BC65AA497E814CE30FB5AC391AC"
}
[1789275110.326][DEBUG]: DevTools WebSocket Event: Runtime.executionContextCreated (session_id=ADD01671FB081D75F474B44D4C57A6D0) 8D801F2DEA53EC3F5B3A16235CEB322A {
   "context": {
      "auxData": {
         "frameId": "582A8BC65AA497E814CE30FB5AC391AC",
         "isDefault": true,
         "type": "default"
      },
      "id": 44,
      "name": "",
      "origin": "https://www.betexplorer.com",
      "uniqueId": "4439145550746467593.-2351843308707968315"
   }
}
[1789275110.326][DEBUG]: DevTools WebSocket Event: Page.frameStoppedLoading (session_id=ADD01671FB081D75F474B44D4C57A6D0) 8D801F2DEA53EC3F5B3A16235CEB322A {
   "frameId": "582A8BC65AA497E814CE30FB5AC391AC"
}
[1789275110.328][DEBUG]: DevTools WebSocket Event: Page.frameAttached (session_id=ADD01671FB081D75F474B44D4C57A6D0) 8D801F2DEA53EC3F5B3A16235CEB322A {
   "frameId": "88364C9B6807A84EF7BECDC4D5C1F4EC",
   "parentFrameId": "8D801F2DEA53EC3F5B3A16235CEB322A"
}
[1789275110.328][DEBUG]: DevTools WebSocket Event: Page.frameRequestedNavigation (session_id=ADD01671FB081D75F474B44D4C57A6D0) 8D801F2DEA53EC3F5B3A16235CEB322A {
   "disposition": "currentTab",
   "frameId": "88364C9B6807A84EF7BECDC4D5C1F4EC",
   "reason": "initialFrameNavigation",
   "url": "about:blank"
}
[1789275110.328][DEBUG]: DevTools WebSocket Event: Page.frameNavigated (session_id=ADD01671FB081D75F474B44D4C57A6D0) 8D801F2DEA53EC3F5B3A16235CEB322A {
   "frame": {
      "adFrameStatus": {
         "adFrameType": "none",
         "explanations": [  ]
      },
      "crossOriginIsolatedContextType": "NotIsolated",
      "domainAndRegistry": "",
      "gatedAPIFeatures": [  ],
      "id": "88364C9B6807A84EF7BECDC4D5C1F4EC",
      "loaderId": "4C1710635D0221374E20F0E7C26C9489",
      "mimeType": "text/html",
      "name": "banx-top_mobile",
      "parentId": "8D801F2DEA53EC3F5B3A16235CEB322A",
      "secureContextType": "Secure",
      "securityOrigin": "://",
      "securityOriginDetails": {
         "isLocalhost": false
      },
      "url": "about:blank"
   },
   "type": "Navigation"
}
[1789275110.330][DEBUG]: DevTools WebSocket Event: Page.frameStartedLoading (session_id=ADD01671FB081D75F474B44D4C57A6D0) 8D801F2DEA53EC3F5B3A16235CEB322A {
   "frameId": "88364C9B6807A84EF7BECDC4D5C1F4EC"
}
[1789275110.331][DEBUG]: DevTools WebSocket Event: Runtime.executionContextCreated (session_id=ADD01671FB081D75F474B44D4C57A6D0) 8D801F2DEA53EC3F5B3A16235CEB322A {
   "context": {
      "auxData": {
         "frameId": "88364C9B6807A84EF7BECDC4D5C1F4EC",
         "isDefault": true,
         "type": "default"
      },
      "id": 45,
      "name": "",
      "origin": "https://www.betexplorer.com",
      "uniqueId": "4911294004250188179.2756930938855836991"
   }
}
[1789275110.331][DEBUG]: DevTools WebSocket Event: Page.frameStoppedLoading (session_id=ADD01671FB081D75F474B44D4C57A6D0) 8D801F2DEA53EC3F5B3A16235CEB322A {
   "frameId": "88364C9B6807A84EF7BECDC4D5C1F4EC"
}
[1789275110.342][DEBUG]: DevTools WebSocket Response: Runtime.evaluate (id=43) (session_id=ADD01671FB081D75F474B44D4C57A6D0) 8D801F2DEA53EC3F5B3A16235CEB322A {
   "result": {
      "description": "1",
      "type": "number",
      "value": 1
   }
}
[1789275110.428][DEBUG]: DevTools WebSocket Event: Page.frameAttached (session_id=ADD01671FB081D75F474B44D4C57A6D0) 8D801F2DEA53EC3F5B3A16235CEB322A {
   "frameId": "C0D7CF51A95E0F76F067278D1300CB5C",
   "parentFrameId": "8D801F2DEA53EC3F5B3A16235CEB322A",
   "stack": {
      "callFrames": [ {
         "columnNumber": 25416,
         "functionName": "S.addLocator",
         "lineNumber": 0,
         "scriptId": "9",
         "url": "https://cdn.cookielaw.org/scripttemplates/otSDKStub.js"
      }, {
         "columnNumber": 25047,
         "functionName": "S.addIabFrame",
         "lineNumber": 0,
         "scriptId": "9",
         "url": "https://cdn.cookielaw.org/scripttemplates/otSDKStub.js"
      }, {
         "columnNumber": 24800,
         "functionName": "S.intializeIabStub",
         "lineNumber": 0,
         "scriptId": "9",
         "url": "https://cdn.cookielaw.org/scripttemplates/otSDKStub.js"
      }, {
         "columnNumber": 22303,
         "functionName": "",
         "lineNumber": 0,
         "scriptId": "9",
         "url": "https://cdn.cookielaw.org/scripttemplates/otSDKStub.js"
      }, {
         "columnNumber": 1328,
         "functionName": "",
         "lineNumber": 0,
         "scriptId": "9",
         "url": "https://cdn.cookielaw.org/scripttemplates/otSDKStub.js"
      }, {
         "columnNumber": 298,
         "functionName": "",
         "lineNumber": 0,
         "scriptId": "9",
         "url": "https://cdn.cookielaw.org/scripttemplates/otSDKStub.js"
      }, {
         "columnNumber": 49,
         "functionName": "e",
         "lineNumber": 0,
         "scriptId": "9",
         "url": "https://cdn.cookielaw.org/scripttemplates/otSDKStub.js"
      }, {
         "columnNumber": 22043,
         "functionName": "S.addBannerSDKScript",
         "lineNumber": 0,
         "scriptId": "9",
         "url": "https://cdn.cookielaw.org/scripttemplates/otSDKStub.js"
      }, {
         "columnNumber": 12384,
         "functionName": "S.geoLocationJsonCallback",
         "lineNumber": 0,
         "scriptId": "9",
         "url": "https://cdn.cookielaw.org/scripttemplates/otSDKStub.js"
      }, {
         "columnNumber": 13582,
         "functionName": "r.onload",
         "lineNumber": 0,
         "scriptId": "9",
         "url": "https://cdn.cookielaw.org/scripttemplates/otSDKStub.js"
      } ]
   }
}
[1789275110.428][DEBUG]: DevTools WebSocket Command: Runtime.evaluate (id=44) (session_id=ADD01671FB081D75F474B44D4C57A6D0) 8D801F2DEA53EC3F5B3A16235CEB322A {
   "expression": "1"
}
[1789275110.431][DEBUG]: DevTools WebSocket Event: Page.frameRequestedNavigation (session_id=ADD01671FB081D75F474B44D4C57A6D0) 8D801F2DEA53EC3F5B3A16235CEB322A {
   "disposition": "currentTab",
   "frameId": "C0D7CF51A95E0F76F067278D1300CB5C",
   "reason": "initialFrameNavigation",
   "url": "about:blank"
}
[1789275110.431][DEBUG]: DevTools WebSocket Event: Page.frameNavigated (session_id=ADD01671FB081D75F474B44D4C57A6D0) 8D801F2DEA53EC3F5B3A16235CEB322A {
   "frame": {
      "adFrameStatus": {
         "adFrameType": "none",
         "explanations": [  ]
      },
      "crossOriginIsolatedContextType": "NotIsolated",
      "domainAndRegistry": "",
      "gatedAPIFeatures": [  ],
      "id": "C0D7CF51A95E0F76F067278D1300CB5C",
      "loaderId": "A0A7FC7343FE552F0511E49A79B4C94F",
      "mimeType": "text/html",
      "name": "__tcfapiLocator",
      "parentId": "8D801F2DEA53EC3F5B3A16235CEB322A",
      "secureContextType": "Secure",
      "securityOrigin": "://",
      "securityOriginDetails": {
         "isLocalhost": false
      },
      "url": "about:blank"
   },
   "type": "Navigation"
}
[1789275110.431][DEBUG]: DevTools WebSocket Event: Page.frameStartedLoading (session_id=ADD01671FB081D75F474B44D4C57A6D0) 8D801F2DEA53EC3F5B3A16235CEB322A {
   "frameId": "C0D7CF51A95E0F76F067278D1300CB5C"
}
[1789275110.435][DEBUG]: DevTools WebSocket Event: Runtime.executionContextCreated (session_id=ADD01671FB081D75F474B44D4C57A6D0) 8D801F2DEA53EC3F5B3A16235CEB322A {
   "context": {
      "auxData": {
         "frameId": "C0D7CF51A95E0F76F067278D1300CB5C",
         "isDefault": true,
         "type": "default"
      },
      "id": 46,
      "name": "",
      "origin": "https://www.betexplorer.com",
      "uniqueId": "-1358439946113247424.5383386876507557212"
   }
}
[1789275110.435][DEBUG]: DevTools WebSocket Event: Page.frameStoppedLoading (session_id=ADD01671FB081D75F474B44D4C57A6D0) 8D801F2DEA53EC3F5B3A16235CEB322A {
   "frameId": "C0D7CF51A95E0F76F067278D1300CB5C"
}
[1789275110.565][DEBUG]: DevTools WebSocket Response: Runtime.evaluate (id=44) (session_id=ADD01671FB081D75F474B44D4C57A6D0) 8D801F2DEA53EC3F5B3A16235CEB322A {
   "result": {
      "description": "1",
      "type": "number",
      "value": 1
   }
}
[1789275110.999][DEBUG]: DevTools WebSocket Event: Page.frameAttached (session_id=ADD01671FB081D75F474B44D4C57A6D0) 8D801F2DEA53EC3F5B3A16235CEB322A {
   "frameId": "8EAD874FEB4E00EA963F25E32FAD0122",
   "parentFrameId": "8D801F2DEA53EC3F5B3A16235CEB322A"
}
[1789275110.999][DEBUG]: DevTools WebSocket Event: Page.frameRequestedNavigation (session_id=ADD01671FB081D75F474B44D4C57A6D0) 8D801F2DEA53EC3F5B3A16235CEB322A {
   "disposition": "currentTab",
   "frameId": "8EAD874FEB4E00EA963F25E32FAD0122",
   "reason": "initialFrameNavigation",
   "url": "about:blank"
}
[1789275110.999][DEBUG]: DevTools WebSocket Event: Page.frameNavigated (session_id=ADD01671FB081D75F474B44D4C57A6D0) 8D801F2DEA53EC3F5B3A16235CEB322A {
   "frame": {
      "adFrameStatus": {
         "adFrameType": "none",
         "explanations": [  ]
      },
      "crossOriginIsolatedContextType": "NotIsolated",
      "domainAndRegistry": "",
      "gatedAPIFeatures": [  ],
      "id": "8EAD874FEB4E00EA963F25E32FAD0122",
      "loaderId": "981A54BDA5F6DBB7032C98C0BBD27A6C",
      "mimeType": "text/html",
      "name": "banx-rs1_tablet",
      "parentId": "8D801F2DEA53EC3F5B3A16235CEB322A",
      "secureContextType": "Secure",
      "securityOrigin": "://",
      "securityOriginDetails": {
         "isLocalhost": false
      },
      "url": "about:blank"
   },
   "type": "Navigation"
}
[1789275110.999][DEBUG]: DevTools WebSocket Event: Page.frameStartedLoading (session_id=ADD01671FB081D75F474B44D4C57A6D0) 8D801F2DEA53EC3F5B3A16235CEB322A {
   "frameId": "8EAD874FEB4E00EA963F25E32FAD0122"
}
[1789275111.000][DEBUG]: DevTools WebSocket Command: Runtime.evaluate (id=45) (session_id=ADD01671FB081D75F474B44D4C57A6D0) 8D801F2DEA53EC3F5B3A16235CEB322A {
   "expression": "1"
}
[1789275111.001][DEBUG]: DevTools WebSocket Event: Runtime.executionContextCreated (session_id=ADD01671FB081D75F474B44D4C57A6D0) 8D801F2DEA53EC3F5B3A16235CEB322A {
   "context": {
      "auxData": {
         "frameId": "8EAD874FEB4E00EA963F25E32FAD0122",
         "isDefault": true,
         "type": "default"
      },
      "id": 47,
      "name": "",
      "origin": "https://www.betexplorer.com",
      "uniqueId": "2435621392013813921.-2123907765646630647"
   }
}
[1789275111.001][DEBUG]: DevTools WebSocket Event: Page.frameStoppedLoading (session_id=ADD01671FB081D75F474B44D4C57A6D0) 8D801F2DEA53EC3F5B3A16235CEB322A {
   "frameId": "8EAD874FEB4E00EA963F25E32FAD0122"
}
[1789275111.005][DEBUG]: DevTools WebSocket Event: Page.frameAttached (session_id=ADD01671FB081D75F474B44D4C57A6D0) 8D801F2DEA53EC3F5B3A16235CEB322A {
   "frameId": "07B82614060D3D1FCA3EDF2DE1653C18",
   "parentFrameId": "8D801F2DEA53EC3F5B3A16235CEB322A"
}
[1789275111.005][DEBUG]: DevTools WebSocket Event: Page.frameRequestedNavigation (session_id=ADD01671FB081D75F474B44D4C57A6D0) 8D801F2DEA53EC3F5B3A16235CEB322A {
   "disposition": "currentTab",
   "frameId": "07B82614060D3D1FCA3EDF2DE1653C18",
   "reason": "initialFrameNavigation",
   "url": "about:blank"
}
[1789275111.005][DEBUG]: DevTools WebSocket Event: Page.frameNavigated (session_id=ADD01671FB081D75F474B44D4C57A6D0) 8D801F2DEA53EC3F5B3A16235CEB322A {
   "frame": {
      "adFrameStatus": {
         "adFrameType": "none",
         "explanations": [  ]
      },
      "crossOriginIsolatedContextType": "NotIsolated",
      "domainAndRegistry": "",
      "gatedAPIFeatures": [  ],
      "id": "07B82614060D3D1FCA3EDF2DE1653C18",
      "loaderId": "E7C14BB5CD31BAA9C548D7B7DF4D14CE",
      "mimeType": "text/html",
      "name": "banx-rs1_mobile",
      "parentId": "8D801F2DEA53EC3F5B3A16235CEB322A",
      "secureContextType": "Secure",
      "securityOrigin": "://",
      "securityOriginDetails": {
         "isLocalhost": false
      },
      "url": "about:blank"
   },
   "type": "Navigation"
}
[1789275111.005][DEBUG]: DevTools WebSocket Event: Page.frameStartedLoading (session_id=ADD01671FB081D75F474B44D4C57A6D0) 8D801F2DEA53EC3F5B3A16235CEB322A {
   "frameId": "07B82614060D3D1FCA3EDF2DE1653C18"
}
[1789275111.005][DEBUG]: DevTools WebSocket Event: Runtime.executionContextCreated (session_id=ADD01671FB081D75F474B44D4C57A6D0) 8D801F2DEA53EC3F5B3A16235CEB322A {
   "context": {
      "auxData": {
         "frameId": "07B82614060D3D1FCA3EDF2DE1653C18",
         "isDefault": true,
         "type": "default"
      },
      "id": 48,
      "name": "",
      "origin": "https://www.betexplorer.com",
      "uniqueId": "4159417459852863287.-1417397605335418110"
   }
}
[1789275111.005][DEBUG]: DevTools WebSocket Event: Page.frameStoppedLoading (session_id=ADD01671FB081D75F474B44D4C57A6D0) 8D801F2DEA53EC3F5B3A16235CEB322A {
   "frameId": "07B82614060D3D1FCA3EDF2DE1653C18"
}
[1789275111.007][DEBUG]: DevTools WebSocket Event: Page.frameAttached (session_id=ADD01671FB081D75F474B44D4C57A6D0) 8D801F2DEA53EC3F5B3A16235CEB322A {
   "frameId": "9C3BCF9D15BBED1F494A922FE9093B63",
   "parentFrameId": "8D801F2DEA53EC3F5B3A16235CEB322A"
}
[1789275111.007][DEBUG]: DevTools WebSocket Event: Page.frameRequestedNavigation (session_id=ADD01671FB081D75F474B44D4C57A6D0) 8D801F2DEA53EC3F5B3A16235CEB322A {
   "disposition": "currentTab",
   "frameId": "9C3BCF9D15BBED1F494A922FE9093B63",
   "reason": "initialFrameNavigation",
   "url": "about:blank"
}
[1789275111.007][DEBUG]: DevTools WebSocket Event: Page.frameNavigated (session_id=ADD01671FB081D75F474B44D4C57A6D0) 8D801F2DEA53EC3F5B3A16235CEB322A {
   "frame": {
      "adFrameStatus": {
         "adFrameType": "none",
         "explanations": [  ]
      },
      "crossOriginIsolatedContextType": "NotIsolated",
      "domainAndRegistry": "",
      "gatedAPIFeatures": [  ],
      "id": "9C3BCF9D15BBED1F494A922FE9093B63",
      "loaderId": "588F2DE52F2B1BD0E03930718EDAC232",
      "mimeType": "text/html",
      "name": "banx-rs2_tablet",
      "parentId": "8D801F2DEA53EC3F5B3A16235CEB322A",
      "secureContextType": "Secure",
      "securityOrigin": "://",
      "securityOriginDetails": {
         "isLocalhost": false
      },
      "url": "about:blank"
   },
   "type": "Navigation"
}
[1789275111.008][DEBUG]: DevTools WebSocket Event: Page.frameStartedLoading (session_id=ADD01671FB081D75F474B44D4C57A6D0) 8D801F2DEA53EC3F5B3A16235CEB322A {
   "frameId": "9C3BCF9D15BBED1F494A922FE9093B63"
}
[1789275111.011][DEBUG]: DevTools WebSocket Event: Runtime.executionContextCreated (session_id=ADD01671FB081D75F474B44D4C57A6D0) 8D801F2DEA53EC3F5B3A16235CEB322A {
   "context": {
      "auxData": {
         "frameId": "9C3BCF9D15BBED1F494A922FE9093B63",
         "isDefault": true,
         "type": "default"
      },
      "id": 49,
      "name": "",
      "origin": "https://www.betexplorer.com",
      "uniqueId": "-1586878596499813568.2369281029420057791"
   }
}
[1789275111.011][DEBUG]: DevTools WebSocket Event: Page.frameStoppedLoading (session_id=ADD01671FB081D75F474B44D4C57A6D0) 8D801F2DEA53EC3F5B3A16235CEB322A {
   "frameId": "9C3BCF9D15BBED1F494A922FE9093B63"
}
[1789275111.011][DEBUG]: DevTools WebSocket Event: Page.frameAttached (session_id=ADD01671FB081D75F474B44D4C57A6D0) 8D801F2DEA53EC3F5B3A16235CEB322A {
   "frameId": "FF76A4820B883733B0EBB888129B0578",
   "parentFrameId": "8D801F2DEA53EC3F5B3A16235CEB322A"
}
[1789275111.011][DEBUG]: DevTools WebSocket Event: Page.frameRequestedNavigation (session_id=ADD01671FB081D75F474B44D4C57A6D0) 8D801F2DEA53EC3F5B3A16235CEB322A {
   "disposition": "currentTab",
   "frameId": "FF76A4820B883733B0EBB888129B0578",
   "reason": "initialFrameNavigation",
   "url": "about:blank"
}
[1789275111.011][DEBUG]: DevTools WebSocket Event: Page.frameNavigated (session_id=ADD01671FB081D75F474B44D4C57A6D0) 8D801F2DEA53EC3F5B3A16235CEB322A {
   "frame": {
      "adFrameStatus": {
         "adFrameType": "none",
         "explanations": [  ]
      },
      "crossOriginIsolatedContextType": "NotIsolated",
      "domainAndRegistry": "",
      "gatedAPIFeatures": [  ],
      "id": "FF76A4820B883733B0EBB888129B0578",
      "loaderId": "3305FB13205AA764E3D1DBC7C5807825",
      "mimeType": "text/html",
      "name": "banx-rs2_mobile",
      "parentId": "8D801F2DEA53EC3F5B3A16235CEB322A",
      "secureContextType": "Secure",
      "securityOrigin": "://",
      "securityOriginDetails": {
         "isLocalhost": false
      },
      "url": "about:blank"
   },
   "type": "Navigation"
}
[1789275111.011][DEBUG]: DevTools WebSocket Event: Page.frameStartedLoading (session_id=ADD01671FB081D75F474B44D4C57A6D0) 8D801F2DEA53EC3F5B3A16235CEB322A {
   "frameId": "FF76A4820B883733B0EBB888129B0578"
}
[1789275111.013][DEBUG]: DevTools WebSocket Event: Runtime.executionContextCreated (session_id=ADD01671FB081D75F474B44D4C57A6D0) 8D801F2DEA53EC3F5B3A16235CEB322A {
   "context": {
      "auxData": {
         "frameId": "FF76A4820B883733B0EBB888129B0578",
         "isDefault": true,
         "type": "default"
      },
      "id": 50,
      "name": "",
      "origin": "https://www.betexplorer.com",
      "uniqueId": "786401924325051508.45611702810276595"
   }
}
[1789275111.013][DEBUG]: DevTools WebSocket Event: Page.frameStoppedLoading (session_id=ADD01671FB081D75F474B44D4C57A6D0) 8D801F2DEA53EC3F5B3A16235CEB322A {
   "frameId": "FF76A4820B883733B0EBB888129B0578"
}
[1789275111.014][DEBUG]: DevTools WebSocket Event: Page.frameAttached (session_id=ADD01671FB081D75F474B44D4C57A6D0) 8D801F2DEA53EC3F5B3A16235CEB322A {
   "frameId": "1FFDE9B541E25E0525A417E133E8E160",
   "parentFrameId": "8D801F2DEA53EC3F5B3A16235CEB322A"
}
[1789275111.015][DEBUG]: DevTools WebSocket Event: Page.frameRequestedNavigation (session_id=ADD01671FB081D75F474B44D4C57A6D0) 8D801F2DEA53EC3F5B3A16235CEB322A {
   "disposition": "currentTab",
   "frameId": "1FFDE9B541E25E0525A417E133E8E160",
   "reason": "initialFrameNavigation",
   "url": "about:blank"
}
[1789275111.015][DEBUG]: DevTools WebSocket Event: Page.frameNavigated (session_id=ADD01671FB081D75F474B44D4C57A6D0) 8D801F2DEA53EC3F5B3A16235CEB322A {
   "frame": {
      "adFrameStatus": {
         "adFrameType": "none",
         "explanations": [  ]
      },
      "crossOriginIsolatedContextType": "NotIsolated",
      "domainAndRegistry": "",
      "gatedAPIFeatures": [  ],
      "id": "1FFDE9B541E25E0525A417E133E8E160",
      "loaderId": "37087D3C32615A964567FD1442097232",
      "mimeType": "text/html",
      "name": "banx-under_desktop",
      "parentId": "8D801F2DEA53EC3F5B3A16235CEB322A",
      "secureContextType": "Secure",
      "securityOrigin": "://",
      "securityOriginDetails": {
         "isLocalhost": false
      },
      "url": "about:blank"
   },
   "type": "Navigation"
}
[1789275111.015][DEBUG]: DevTools WebSocket Event: Page.frameStartedLoading (session_id=ADD01671FB081D75F474B44D4C57A6D0) 8D801F2DEA53EC3F5B3A16235CEB322A {
   "frameId": "1FFDE9B541E25E0525A417E133E8E160"
}
[1789275111.017][DEBUG]: DevTools WebSocket Event: Runtime.executionContextCreated (session_id=ADD01671FB081D75F474B44D4C57A6D0) 8D801F2DEA53EC3F5B3A16235CEB322A {
   "context": {
      "auxData": {
         "frameId": "1FFDE9B541E25E0525A417E133E8E160",
         "isDefault": true,
         "type": "default"
      },
      "id": 51,
      "name": "",
      "origin": "https://www.betexplorer.com",
      "uniqueId": "6637202908558269507.-2282290330040139856"
   }
}
[1789275111.017][DEBUG]: DevTools WebSocket Event: Page.frameStoppedLoading (session_id=ADD01671FB081D75F474B44D4C57A6D0) 8D801F2DEA53EC3F5B3A16235CEB322A {
   "frameId": "1FFDE9B541E25E0525A417E133E8E160"
}
[1789275111.020][DEBUG]: DevTools WebSocket Event: Page.frameAttached (session_id=ADD01671FB081D75F474B44D4C57A6D0) 8D801F2DEA53EC3F5B3A16235CEB322A {
   "frameId": "F6ED5DD61B5A50919F91091E86DC03A6",
   "parentFrameId": "8D801F2DEA53EC3F5B3A16235CEB322A"
}
[1789275111.020][DEBUG]: DevTools WebSocket Event: Page.frameRequestedNavigation (session_id=ADD01671FB081D75F474B44D4C57A6D0) 8D801F2DEA53EC3F5B3A16235CEB322A {
   "disposition": "currentTab",
   "frameId": "F6ED5DD61B5A50919F91091E86DC03A6",
   "reason": "initialFrameNavigation",
   "url": "about:blank"
}
[1789275111.020][DEBUG]: DevTools WebSocket Event: Page.frameNavigated (session_id=ADD01671FB081D75F474B44D4C57A6D0) 8D801F2DEA53EC3F5B3A16235CEB322A {
   "frame": {
      "adFrameStatus": {
         "adFrameType": "none",
         "explanations": [  ]
      },
      "crossOriginIsolatedContextType": "NotIsolated",
      "domainAndRegistry": "",
      "gatedAPIFeatures": [  ],
      "id": "F6ED5DD61B5A50919F91091E86DC03A6",
      "loaderId": "0000DBAAA68CCA40B6AA9DF80F23F8CD",
      "mimeType": "text/html",
      "name": "banx-under_tablet",
      "parentId": "8D801F2DEA53EC3F5B3A16235CEB322A",
      "secureContextType": "Secure",
      "securityOrigin": "://",
      "securityOriginDetails": {
         "isLocalhost": false
      },
      "url": "about:blank"
   },
   "type": "Navigation"
}
[1789275111.020][DEBUG]: DevTools WebSocket Event: Page.frameStartedLoading (session_id=ADD01671FB081D75F474B44D4C57A6D0) 8D801F2DEA53EC3F5B3A16235CEB322A {
   "frameId": "F6ED5DD61B5A50919F91091E86DC03A6"
}
[1789275111.021][DEBUG]: DevTools WebSocket Event: Runtime.executionContextCreated (session_id=ADD01671FB081D75F474B44D4C57A6D0) 8D801F2DEA53EC3F5B3A16235CEB322A {
   "context": {
      "auxData": {
         "frameId": "F6ED5DD61B5A50919F91091E86DC03A6",
         "isDefault": true,
         "type": "default"
      },
      "id": 52,
      "name": "",
      "origin": "https://www.betexplorer.com",
      "uniqueId": "-869258292510510348.5055246883764203129"
   }
}
[1789275111.021][DEBUG]: DevTools WebSocket Event: Page.frameStoppedLoading (session_id=ADD01671FB081D75F474B44D4C57A6D0) 8D801F2DEA53EC3F5B3A16235CEB322A {
   "frameId": "F6ED5DD61B5A50919F91091E86DC03A6"
}
[1789275111.022][DEBUG]: DevTools WebSocket Event: Page.frameAttached (session_id=ADD01671FB081D75F474B44D4C57A6D0) 8D801F2DEA53EC3F5B3A16235CEB322A {
   "frameId": "F2047F3AA2BB1BFCE737A3E32BC32AC3",
   "parentFrameId": "8D801F2DEA53EC3F5B3A16235CEB322A"
}
[1789275111.023][DEBUG]: DevTools WebSocket Event: Page.frameRequestedNavigation (session_id=ADD01671FB081D75F474B44D4C57A6D0) 8D801F2DEA53EC3F5B3A16235CEB322A {
   "disposition": "currentTab",
   "frameId": "F2047F3AA2BB1BFCE737A3E32BC32AC3",
   "reason": "initialFrameNavigation",
   "url": "about:blank"
}
[1789275111.023][DEBUG]: DevTools WebSocket Event: Page.frameNavigated (session_id=ADD01671FB081D75F474B44D4C57A6D0) 8D801F2DEA53EC3F5B3A16235CEB322A {
   "frame": {
      "adFrameStatus": {
         "adFrameType": "none",
         "explanations": [  ]
      },
      "crossOriginIsolatedContextType": "NotIsolated",
      "domainAndRegistry": "",
      "gatedAPIFeatures": [  ],
      "id": "F2047F3AA2BB1BFCE737A3E32BC32AC3",
      "loaderId": "234829972C2D9EF79A8930BDED9713E2",
      "mimeType": "text/html",
      "name": "banx-rs1_desktop",
      "parentId": "8D801F2DEA53EC3F5B3A16235CEB322A",
      "secureContextType": "Secure",
      "securityOrigin": "://",
      "securityOriginDetails": {
         "isLocalhost": false
      },
      "url": "about:blank"
   },
   "type": "Navigation"
}
[1789275111.023][DEBUG]: DevTools WebSocket Event: Page.frameStartedLoading (session_id=ADD01671FB081D75F474B44D4C57A6D0) 8D801F2DEA53EC3F5B3A16235CEB322A {
   "frameId": "F2047F3AA2BB1BFCE737A3E32BC32AC3"
}
[1789275111.025][DEBUG]: DevTools WebSocket Event: Runtime.executionContextCreated (session_id=ADD01671FB081D75F474B44D4C57A6D0) 8D801F2DEA53EC3F5B3A16235CEB322A {
   "context": {
      "auxData": {
         "frameId": "F2047F3AA2BB1BFCE737A3E32BC32AC3",
         "isDefault": true,
         "type": "default"
      },
      "id": 53,
      "name": "",
      "origin": "https://www.betexplorer.com",
      "uniqueId": "2465117962113694128.-5774828998833457392"
   }
}
[1789275111.025][DEBUG]: DevTools WebSocket Event: Page.frameStoppedLoading (session_id=ADD01671FB081D75F474B44D4C57A6D0) 8D801F2DEA53EC3F5B3A16235CEB322A {
   "frameId": "F2047F3AA2BB1BFCE737A3E32BC32AC3"
}
[1789275111.339][DEBUG]: DevTools WebSocket Response: Runtime.evaluate (id=45) (session_id=ADD01671FB081D75F474B44D4C57A6D0) 8D801F2DEA53EC3F5B3A16235CEB322A {
   "result": {
      "description": "1",
      "type": "number",
      "value": 1
   }
}
[1789275111.345][DEBUG]: DevTools WebSocket Event: Page.frameAttached (session_id=ADD01671FB081D75F474B44D4C57A6D0) 8D801F2DEA53EC3F5B3A16235CEB322A {
   "frameId": "F11EEA0EC47E905C67D6A9156DDE62D6",
   "parentFrameId": "8D801F2DEA53EC3F5B3A16235CEB322A"
}
[1789275111.345][DEBUG]: DevTools WebSocket Event: Page.frameRequestedNavigation (session_id=ADD01671FB081D75F474B44D4C57A6D0) 8D801F2DEA53EC3F5B3A16235CEB322A {
   "disposition": "currentTab",
   "frameId": "F11EEA0EC47E905C67D6A9156DDE62D6",
   "reason": "initialFrameNavigation",
   "url": "about:blank"
}
[1789275111.345][DEBUG]: DevTools WebSocket Command: Runtime.evaluate (id=46) (session_id=ADD01671FB081D75F474B44D4C57A6D0) 8D801F2DEA53EC3F5B3A16235CEB322A {
   "expression": "1"
}
[1789275111.349][DEBUG]: DevTools WebSocket Event: Page.frameNavigated (session_id=ADD01671FB081D75F474B44D4C57A6D0) 8D801F2DEA53EC3F5B3A16235CEB322A {
   "frame": {
      "adFrameStatus": {
         "adFrameType": "none",
         "explanations": [  ]
      },
      "crossOriginIsolatedContextType": "NotIsolated",
      "domainAndRegistry": "",
      "gatedAPIFeatures": [  ],
      "id": "F11EEA0EC47E905C67D6A9156DDE62D6",
      "loaderId": "2E17171A6952344F0E96E11C24083E87",
      "mimeType": "text/html",
      "name": "banx-rs2_desktop",
      "parentId": "8D801F2DEA53EC3F5B3A16235CEB322A",
      "secureContextType": "Secure",
      "securityOrigin": "://",
      "securityOriginDetails": {
         "isLocalhost": false
      },
      "url": "about:blank"
   },
   "type": "Navigation"
}
[1789275111.349][DEBUG]: DevTools WebSocket Event: Page.frameStartedLoading (session_id=ADD01671FB081D75F474B44D4C57A6D0) 8D801F2DEA53EC3F5B3A16235CEB322A {
   "frameId": "F11EEA0EC47E905C67D6A9156DDE62D6"
}
[1789275111.349][DEBUG]: DevTools WebSocket Event: Runtime.executionContextCreated (session_id=ADD01671FB081D75F474B44D4C57A6D0) 8D801F2DEA53EC3F5B3A16235CEB322A {
   "context": {
      "auxData": {
         "frameId": "F11EEA0EC47E905C67D6A9156DDE62D6",
         "isDefault": true,
         "type": "default"
      },
      "id": 54,
      "name": "",
      "origin": "https://www.betexplorer.com",
      "uniqueId": "-4738637149539111279.4701860965162797624"
   }
}
[1789275111.349][DEBUG]: DevTools WebSocket Event: Page.frameStoppedLoading (session_id=ADD01671FB081D75F474B44D4C57A6D0) 8D801F2DEA53EC3F5B3A16235CEB322A {
   "frameId": "F11EEA0EC47E905C67D6A9156DDE62D6"
}
[1789275111.432][DEBUG]: DevTools WebSocket Response: Runtime.evaluate (id=46) (session_id=ADD01671FB081D75F474B44D4C57A6D0) 8D801F2DEA53EC3F5B3A16235CEB322A {
   "result": {
      "description": "1",
      "type": "number",
      "value": 1
   }
}
[1789275111.524][DEBUG]: DevTools WebSocket Event: Page.frameAttached (session_id=ADD01671FB081D75F474B44D4C57A6D0) 8D801F2DEA53EC3F5B3A16235CEB322A {
   "frameId": "C989C617253066878147A90D92FC5251",
   "parentFrameId": "8D801F2DEA53EC3F5B3A16235CEB322A",
   "stack": {
      "callFrames": [ {
         "columnNumber": 24809,
         "functionName": "a.append",
         "lineNumber": 6,
         "scriptId": "19",
         "url": "https://cdn.cookielaw.org/scripttemplates/202606.2.0/otBannerSdk.js"
      }, {
         "columnNumber": 248130,
         "functionName": "n.insertPcHtml",
         "lineNumber": 6,
         "scriptId": "19",
         "url": "https://cdn.cookielaw.org/scripttemplates/202606.2.0/otBannerSdk.js"
      }, {
         "columnNumber": 356548,
         "functionName": "",
         "lineNumber": 6,
         "scriptId": "19",
         "url": "https://cdn.cookielaw.org/scripttemplates/202606.2.0/otBannerSdk.js"
      }, {
         "columnNumber": 1976,
         "functionName": "",
         "lineNumber": 6,
         "scriptId": "19",
         "url": "https://cdn.cookielaw.org/scripttemplates/202606.2.0/otBannerSdk.js"
      }, {
         "columnNumber": 946,
         "functionName": "",
         "lineNumber": 6,
         "scriptId": "19",
         "url": "https://cdn.cookielaw.org/scripttemplates/202606.2.0/otBannerSdk.js"
      }, {
         "columnNumber": 697,
         "functionName": "F",
         "lineNumber": 6,
         "scriptId": "19",
         "url": "https://cdn.cookielaw.org/scripttemplates/202606.2.0/otBannerSdk.js"
      }, {
         "columnNumber": 355242,
         "functionName": "Dr.windowLoadBanner",
         "lineNumber": 6,
         "scriptId": "19",
         "url": "https://cdn.cookielaw.org/scripttemplates/202606.2.0/otBannerSdk.js"
      }, {
         "columnNumber": 23482,
         "functionName": "r",
         "lineNumber": 6,
         "scriptId": "19",
         "url": "https://cdn.cookielaw.org/scripttemplates/202606.2.0/otBannerSdk.js"
      }, {
         "columnNumber": 23629,
         "functionName": "a.trigger",
         "lineNumber": 6,
         "scriptId": "19",
         "url": "https://cdn.cookielaw.org/scripttemplates/202606.2.0/otBannerSdk.js"
      }, {
         "columnNumber": 63061,
         "functionName": "ho.loadBanner",
         "lineNumber": 6,
         "scriptId": "19",
         "url": "https://cdn.cookielaw.org/scripttemplates/202606.2.0/otBannerSdk.js"
      }, {
         "columnNumber": 360464,
         "functionName": "xr.LoadBanner",
         "lineNumber": 6,
         "scriptId": "19",
         "url": "https://cdn.cookielaw.org/scripttemplates/202606.2.0/otBannerSdk.js"
      }, {
         "columnNumber": 571665,
         "functionName": "",
         "lineNumber": 6,
         "scriptId": "19",
         "url": "https://cdn.cookielaw.org/scripttemplates/202606.2.0/otBannerSdk.js"
      }, {
         "columnNumber": 1976,
         "functionName": "",
         "lineNumber": 6,
         "scriptId": "19",
         "url": "https://cdn.cookielaw.org/scripttemplates/202606.2.0/otBannerSdk.js"
      }, {
         "columnNumber": 751,
         "functionName": "n",
         "lineNumber": 6,
         "scriptId": "19",
         "url": "https://cdn.cookielaw.org/scripttemplates/202606.2.0/otBannerSdk.js"
      } ]
   }
}
[1789275111.524][DEBUG]: DevTools WebSocket Command: Runtime.evaluate (id=47) (session_id=ADD01671FB081D75F474B44D4C57A6D0) 8D801F2DEA53EC3F5B3A16235CEB322A {
   "expression": "1"
}
[1789275111.525][DEBUG]: DevTools WebSocket Event: Page.frameRequestedNavigation (session_id=ADD01671FB081D75F474B44D4C57A6D0) 8D801F2DEA53EC3F5B3A16235CEB322A {
   "disposition": "currentTab",
   "frameId": "C989C617253066878147A90D92FC5251",
   "reason": "initialFrameNavigation",
   "url": "about:blank"
}
[1789275111.526][DEBUG]: DevTools WebSocket Event: Page.frameNavigated (session_id=ADD01671FB081D75F474B44D4C57A6D0) 8D801F2DEA53EC3F5B3A16235CEB322A {
   "frame": {
      "adFrameStatus": {
         "adFrameType": "none",
         "explanations": [  ]
      },
      "crossOriginIsolatedContextType": "NotIsolated",
      "domainAndRegistry": "",
      "gatedAPIFeatures": [  ],
      "id": "C989C617253066878147A90D92FC5251",
      "loaderId": "6D413C7D857E2FCE46319B0BB55AA665",
      "mimeType": "text/html",
      "name": "",
      "parentId": "8D801F2DEA53EC3F5B3A16235CEB322A",
      "secureContextType": "Secure",
      "securityOrigin": "://",
      "securityOriginDetails": {
         "isLocalhost": false
      },
      "url": "about:blank"
   },
   "type": "Navigation"
}
[1789275111.526][DEBUG]: DevTools WebSocket Event: Page.frameStartedLoading (session_id=ADD01671FB081D75F474B44D4C57A6D0) 8D801F2DEA53EC3F5B3A16235CEB322A {
   "frameId": "C989C617253066878147A90D92FC5251"
}
[1789275111.528][DEBUG]: DevTools WebSocket Event: Runtime.executionContextCreated (session_id=ADD01671FB081D75F474B44D4C57A6D0) 8D801F2DEA53EC3F5B3A16235CEB322A {
   "context": {
      "auxData": {
         "frameId": "C989C617253066878147A90D92FC5251",
         "isDefault": true,
         "type": "default"
      },
      "id": 55,
      "name": "",
      "origin": "https://www.betexplorer.com",
      "uniqueId": "1149787211483014817.2571891687082211981"
   }
}
[1789275111.528][DEBUG]: DevTools WebSocket Event: Page.frameStoppedLoading (session_id=ADD01671FB081D75F474B44D4C57A6D0) 8D801F2DEA53EC3F5B3A16235CEB322A {
   "frameId": "C989C617253066878147A90D92FC5251"
}
[1789275111.528][DEBUG]: DevTools WebSocket Event: Page.frameSubtreeWillBeDetached (session_id=ADD01671FB081D75F474B44D4C57A6D0) 8D801F2DEA53EC3F5B3A16235CEB322A {
   "frameId": "C989C617253066878147A90D92FC5251"
}
[1789275111.535][DEBUG]: DevTools WebSocket Event: Page.frameDetached (session_id=ADD01671FB081D75F474B44D4C57A6D0) 8D801F2DEA53EC3F5B3A16235CEB322A {
   "frameId": "C989C617253066878147A90D92FC5251",
   "reason": "remove"
}
[1789275111.535][DEBUG]: DevTools WebSocket Event: Runtime.executionContextDestroyed (session_id=ADD01671FB081D75F474B44D4C57A6D0) 8D801F2DEA53EC3F5B3A16235CEB322A {
   "executionContextId": 55,
   "executionContextUniqueId": "1149787211483014817.2571891687082211981"
}
[1789275111.535][DEBUG]: DevTools WebSocket Event: Page.frameAttached (session_id=ADD01671FB081D75F474B44D4C57A6D0) 8D801F2DEA53EC3F5B3A16235CEB322A {
   "frameId": "D72434BFF6E726F7EFDD0AABE44C4D7A",
   "parentFrameId": "8D801F2DEA53EC3F5B3A16235CEB322A",
   "stack": {
      "callFrames": [ {
         "columnNumber": 24809,
         "functionName": "a.append",
         "lineNumber": 6,
         "scriptId": "19",
         "url": "https://cdn.cookielaw.org/scripttemplates/202606.2.0/otBannerSdk.js"
      }, {
         "columnNumber": 248183,
         "functionName": "n.insertPcHtml",
         "lineNumber": 6,
         "scriptId": "19",
         "url": "https://cdn.cookielaw.org/scripttemplates/202606.2.0/otBannerSdk.js"
      }, {
         "columnNumber": 356548,
         "functionName": "",
         "lineNumber": 6,
         "scriptId": "19",
         "url": "https://cdn.cookielaw.org/scripttemplates/202606.2.0/otBannerSdk.js"
      }, {
         "columnNumber": 1976,
         "functionName": "",
         "lineNumber": 6,
         "scriptId": "19",
         "url": "https://cdn.cookielaw.org/scripttemplates/202606.2.0/otBannerSdk.js"
      }, {
         "columnNumber": 946,
         "functionName": "",
         "lineNumber": 6,
         "scriptId": "19",
         "url": "https://cdn.cookielaw.org/scripttemplates/202606.2.0/otBannerSdk.js"
      }, {
         "columnNumber": 697,
         "functionName": "F",
         "lineNumber": 6,
         "scriptId": "19",
         "url": "https://cdn.cookielaw.org/scripttemplates/202606.2.0/otBannerSdk.js"
      }, {
         "columnNumber": 355242,
         "functionName": "Dr.windowLoadBanner",
         "lineNumber": 6,
         "scriptId": "19",
         "url": "https://cdn.cookielaw.org/scripttemplates/202606.2.0/otBannerSdk.js"
      }, {
         "columnNumber": 23482,
         "functionName": "r",
         "lineNumber": 6,
         "scriptId": "19",
         "url": "https://cdn.cookielaw.org/scripttemplates/202606.2.0/otBannerSdk.js"
      }, {
         "columnNumber": 23629,
         "functionName": "a.trigger",
         "lineNumber": 6,
         "scriptId": "19",
         "url": "https://cdn.cookielaw.org/scripttemplates/202606.2.0/otBannerSdk.js"
      }, {
         "columnNumber": 63061,
         "functionName": "ho.loadBanner",
         "lineNumber": 6,
         "scriptId": "19",
         "url": "https://cdn.cookielaw.org/scripttemplates/202606.2.0/otBannerSdk.js"
      }, {
         "columnNumber": 360464,
         "functionName": "xr.LoadBanner",
         "lineNumber": 6,
         "scriptId": "19",
         "url": "https://cdn.cookielaw.org/scripttemplates/202606.2.0/otBannerSdk.js"
      }, {
         "columnNumber": 571665,
         "functionName": "",
         "lineNumber": 6,
         "scriptId": "19",
         "url": "https://cdn.cookielaw.org/scripttemplates/202606.2.0/otBannerSdk.js"
      }, {
         "columnNumber": 1976,
         "functionName": "",
         "lineNumber": 6,
         "scriptId": "19",
         "url": "https://cdn.cookielaw.org/scripttemplates/202606.2.0/otBannerSdk.js"
      }, {
         "columnNumber": 751,
         "functionName": "n",
         "lineNumber": 6,
         "scriptId": "19",
         "url": "https://cdn.cookielaw.org/scripttemplates/202606.2.0/otBannerSdk.js"
      } ]
   }
}
[1789275111.535][DEBUG]: DevTools WebSocket Event: Page.frameRequestedNavigation (session_id=ADD01671FB081D75F474B44D4C57A6D0) 8D801F2DEA53EC3F5B3A16235CEB322A {
   "disposition": "currentTab",
   "frameId": "D72434BFF6E726F7EFDD0AABE44C4D7A",
   "reason": "initialFrameNavigation",
   "url": "about:blank"
}
[1789275111.535][DEBUG]: DevTools WebSocket Event: Page.frameNavigated (session_id=ADD01671FB081D75F474B44D4C57A6D0) 8D801F2DEA53EC3F5B3A16235CEB322A {
   "frame": {
      "adFrameStatus": {
         "adFrameType": "none",
         "explanations": [  ]
      },
      "crossOriginIsolatedContextType": "NotIsolated",
      "domainAndRegistry": "",
      "gatedAPIFeatures": [  ],
      "id": "D72434BFF6E726F7EFDD0AABE44C4D7A",
      "loaderId": "8DAC482FF80493FB4F2BD5E1D3D6D7FB",
      "mimeType": "text/html",
      "name": "",
      "parentId": "8D801F2DEA53EC3F5B3A16235CEB322A",
      "secureContextType": "Secure",
      "securityOrigin": "://",
      "securityOriginDetails": {
         "isLocalhost": false
      },
      "url": "about:blank"
   },
   "type": "Navigation"
}
[1789275111.535][DEBUG]: DevTools WebSocket Event: Page.frameStartedLoading (session_id=ADD01671FB081D75F474B44D4C57A6D0) 8D801F2DEA53EC3F5B3A16235CEB322A {
   "frameId": "D72434BFF6E726F7EFDD0AABE44C4D7A"
}
[1789275111.536][DEBUG]: DevTools WebSocket Event: Runtime.executionContextCreated (session_id=ADD01671FB081D75F474B44D4C57A6D0) 8D801F2DEA53EC3F5B3A16235CEB322A {
   "context": {
      "auxData": {
         "frameId": "D72434BFF6E726F7EFDD0AABE44C4D7A",
         "isDefault": true,
         "type": "default"
      },
      "id": 56,
      "name": "",
      "origin": "https://www.betexplorer.com",
      "uniqueId": "-3421304536853350221.-4872986840569805403"
   }
}
[1789275111.536][DEBUG]: DevTools WebSocket Event: Page.frameStoppedLoading (session_id=ADD01671FB081D75F474B44D4C57A6D0) 8D801F2DEA53EC3F5B3A16235CEB322A {
   "frameId": "D72434BFF6E726F7EFDD0AABE44C4D7A"
}
[19997:19997:0913/045151.664895:INFO:CONSOLE:0] "[DOM] Input elements should have autocomplete attributes (suggested: "current-password"): (More info: https://goo.gl/9p2vKq) %o", source: https://www.betexplorer.com/football/results/?year=2026&month=09&day=13 (0)
[1789275111.669][DEBUG]: DevTools WebSocket Event: Page.domContentEventFired (session_id=ADD01671FB081D75F474B44D4C57A6D0) 8D801F2DEA53EC3F5B3A16235CEB322A {
   "timestamp": 2358.339201
}
[1789275111.669][DEBUG]: DevTools WebSocket Event: Log.entryAdded (session_id=ADD01671FB081D75F474B44D4C57A6D0) 8D801F2DEA53EC3F5B3A16235CEB322A {
   "entry": {
      "args": [ {
         "className": "HTMLInputElement",
         "description": "input#login_pass.input",
         "objectId": "1920924569108017119.43.1",
         "subtype": "node",
         "type": "object"
      } ],
      "level": "verbose",
      "source": "recommendation",
      "text": "[DOM] Input elements should have autocomplete attributes (suggested: \"current-password\"): (More info: https://goo.gl/9p2vKq) %o",
      "timestamp": 1.78927511166396e+12,
      "url": "https://www.betexplorer.com/football/results/?year=2026&month=09&day=13"
   }
}
[1789275111.748][DEBUG]: DevTools WebSocket Response: Runtime.evaluate (id=47) (session_id=ADD01671FB081D75F474B44D4C57A6D0) 8D801F2DEA53EC3F5B3A16235CEB322A {
   "result": {
      "description": "1",
      "type": "number",
      "value": 1
   }
}
[1789275111.776][DEBUG]: DevTools WebSocket Event: Page.loadEventFired (session_id=ADD01671FB081D75F474B44D4C57A6D0) 8D801F2DEA53EC3F5B3A16235CEB322A {
   "timestamp": 2358.473418
}
[1789275111.776][DEBUG]: DevTools WebSocket Command: Runtime.evaluate (id=48) (session_id=ADD01671FB081D75F474B44D4C57A6D0) 8D801F2DEA53EC3F5B3A16235CEB322A {
   "awaitPromise": false,
   "expression": "document.readyState",
   "returnByValue": true,
   "uniqueContextId": "7048529885223837796.275685274638081227"
}
[1789275111.776][DEBUG]: DevTools WebSocket Event: Page.frameStoppedLoading (session_id=ADD01671FB081D75F474B44D4C57A6D0) 8D801F2DEA53EC3F5B3A16235CEB322A {
   "frameId": "8D801F2DEA53EC3F5B3A16235CEB322A"
}
[1789275112.180][DEBUG]: DevTools WebSocket Event: Page.frameSubtreeWillBeDetached (session_id=ADD01671FB081D75F474B44D4C57A6D0) 8D801F2DEA53EC3F5B3A16235CEB322A {
   "frameId": "8EAD874FEB4E00EA963F25E32FAD0122"
}
[1789275112.185][DEBUG]: DevTools WebSocket Event: Page.frameDetached (session_id=ADD01671FB081D75F474B44D4C57A6D0) 8D801F2DEA53EC3F5B3A16235CEB322A {
   "frameId": "8EAD874FEB4E00EA963F25E32FAD0122",
   "reason": "remove"
}
[1789275112.185][DEBUG]: DevTools WebSocket Event: Runtime.executionContextDestroyed (session_id=ADD01671FB081D75F474B44D4C57A6D0) 8D801F2DEA53EC3F5B3A16235CEB322A {
   "executionContextId": 47,
   "executionContextUniqueId": "2435621392013813921.-2123907765646630647"
}
[1789275112.186][DEBUG]: DevTools WebSocket Event: Page.frameAttached (session_id=ADD01671FB081D75F474B44D4C57A6D0) 8D801F2DEA53EC3F5B3A16235CEB322A {
   "frameId": "84DD92B8FBDF098D8CE99EC7B92971FC",
   "parentFrameId": "8D801F2DEA53EC3F5B3A16235CEB322A",
   "stack": {
      "callFrames": [ {
         "columnNumber": 20730,
         "functionName": "",
         "lineNumber": 3,
         "scriptId": "12",
         "url": "https://www.betexplorer.com/res/js/libs/jquery-1.11.3.min.js?serial=2608290548"
      }, {
         "columnNumber": 22915,
         "functionName": "domManip",
         "lineNumber": 3,
         "scriptId": "12",
         "url": "https://www.betexplorer.com/res/js/libs/jquery-1.11.3.min.js?serial=2608290548"
      }, {
         "columnNumber": 20619,
         "functionName": "append",
         "lineNumber": 3,
         "scriptId": "12",
         "url": "https://www.betexplorer.com/res/js/libs/jquery-1.11.3.min.js?serial=2608290548"
      }, {
         "columnNumber": 23433,
         "functionName": "m.fn.\u003Ccomputed>",
         "lineNumber": 3,
         "scriptId": "12",
         "url": "https://www.betexplorer.com/res/js/libs/jquery-1.11.3.min.js?serial=2608290548"
      }, {
         "columnNumber": 129529,
         "functionName": "",
         "lineNumber": 15,
         "scriptId": "14",
         "url": "https://www.betexplorer.com/res/js/all.min.js?serial=2608290548"
      }, {
         "columnNumber": 2974,
         "functionName": "each",
         "lineNumber": 1,
         "scriptId": "12",
         "url": "https://www.betexplorer.com/res/js/libs/jquery-1.11.3.min.js?serial=2608290548"
      }, {
         "columnNumber": 834,
         "functionName": "each",
         "lineNumber": 1,
         "scriptId": "12",
         "url": "https://www.betexplorer.com/res/js/libs/jquery-1.11.3.min.js?serial=2608290548"
      }, {
         "columnNumber": 129505,
         "functionName": "",
         "lineNumber": 15,
         "scriptId": "14",
         "url": "https://www.betexplorer.com/res/js/all.min.js?serial=2608290548"
      }, {
         "columnNumber": 2974,
         "functionName": "each",
         "lineNumber": 1,
         "scriptId": "12",
         "url": "https://www.betexplorer.com/res/js/libs/jquery-1.11.3.min.js?serial=2608290548"
      }, {
         "columnNumber": 834,
         "functionName": "each",
         "lineNumber": 1,
         "scriptId": "12",
         "url": "https://www.betexplorer.com/res/js/libs/jquery-1.11.3.min.js?serial=2608290548"
      }, {
         "columnNumber": 129422,
         "functionName": "nr_add_banners_space",
         "lineNumber": 15,
         "scriptId": "14",
         "url": "https://www.betexplorer.com/res/js/all.min.js?serial=2608290548"
      }, {
         "columnNumber": 115021,
         "functionName": "success",
         "lineNumber": 15,
         "scriptId": "14",
         "url": "https://www.betexplorer.com/res/js/all.min.js?serial=2608290548"
      }, {
         "columnNumber": 27308,
         "functionName": "j",
         "lineNumber": 1,
         "scriptId": "12",
         "url": "https://www.betexplorer.com/res/js/libs/jquery-1.11.3.min.js?serial=2608290548"
      }, {
         "columnNumber": 28121,
         "functionName": "fireWith",
         "lineNumber": 1,
         "scriptId": "12",
         "url": "https://www.betexplorer.com/res/js/libs/jquery-1.11.3.min.js?serial=2608290548"
      }, {
         "columnNumber": 22110,
         "functionName": "x",
         "lineNumber": 4,
         "scriptId": "12",
         "url": "https://www.betexplorer.com/res/js/libs/jquery-1.11.3.min.js?serial=2608290548"
      }, {
         "columnNumber": 26029,
         "functionName": "b",
         "lineNumber": 4,
         "scriptId": "12",
         "url": "https://www.betexplorer.com/res/js/libs/jquery-1.11.3.min.js?serial=2608290548"
      } ]
   }
}
[1789275112.187][DEBUG]: DevTools WebSocket Event: Page.frameRequestedNavigation (session_id=ADD01671FB081D75F474B44D4C57A6D0) 8D801F2DEA53EC3F5B3A16235CEB322A {
   "disposition": "currentTab",
   "frameId": "84DD92B8FBDF098D8CE99EC7B92971FC",
   "reason": "initialFrameNavigation",
   "url": "about:blank"
}
[1789275112.187][DEBUG]: DevTools WebSocket Event: Page.frameNavigated (session_id=ADD01671FB081D75F474B44D4C57A6D0) 8D801F2DEA53EC3F5B3A16235CEB322A {
   "frame": {
      "adFrameStatus": {
         "adFrameType": "none",
         "explanations": [  ]
      },
      "crossOriginIsolatedContextType": "NotIsolated",
      "domainAndRegistry": "",
      "gatedAPIFeatures": [  ],
      "id": "84DD92B8FBDF098D8CE99EC7B92971FC",
      "loaderId": "4DFCA08849CFCA8671D150227F51FE46",
      "mimeType": "text/html",
      "name": "banx-rs1_tablet",
      "parentId": "8D801F2DEA53EC3F5B3A16235CEB322A",
      "secureContextType": "Secure",
      "securityOrigin": "://",
      "securityOriginDetails": {
         "isLocalhost": false
      },
      "url": "about:blank"
   },
   "type": "Navigation"
}
[1789275112.188][DEBUG]: DevTools WebSocket Event: Page.frameStartedLoading (session_id=ADD01671FB081D75F474B44D4C57A6D0) 8D801F2DEA53EC3F5B3A16235CEB322A {
   "frameId": "84DD92B8FBDF098D8CE99EC7B92971FC"
}
[1789275112.190][DEBUG]: DevTools WebSocket Event: Runtime.executionContextCreated (session_id=ADD01671FB081D75F474B44D4C57A6D0) 8D801F2DEA53EC3F5B3A16235CEB322A {
   "context": {
      "auxData": {
         "frameId": "84DD92B8FBDF098D8CE99EC7B92971FC",
         "isDefault": true,
         "type": "default"
      },
      "id": 57,
      "name": "",
      "origin": "https://www.betexplorer.com",
      "uniqueId": "-8467765440508167718.1414869675990040559"
   }
}
[1789275112.191][DEBUG]: DevTools WebSocket Event: Page.frameStoppedLoading (session_id=ADD01671FB081D75F474B44D4C57A6D0) 8D801F2DEA53EC3F5B3A16235CEB322A {
   "frameId": "84DD92B8FBDF098D8CE99EC7B92971FC"
}
[1789275112.193][DEBUG]: DevTools WebSocket Event: Page.frameSubtreeWillBeDetached (session_id=ADD01671FB081D75F474B44D4C57A6D0) 8D801F2DEA53EC3F5B3A16235CEB322A {
   "frameId": "07B82614060D3D1FCA3EDF2DE1653C18"
}
[1789275112.197][DEBUG]: DevTools WebSocket Event: Page.frameDetached (session_id=ADD01671FB081D75F474B44D4C57A6D0) 8D801F2DEA53EC3F5B3A16235CEB322A {
   "frameId": "07B82614060D3D1FCA3EDF2DE1653C18",
   "reason": "remove"
}
[1789275112.199][DEBUG]: DevTools WebSocket Event: Runtime.executionContextDestroyed (session_id=ADD01671FB081D75F474B44D4C57A6D0) 8D801F2DEA53EC3F5B3A16235CEB322A {
   "executionContextId": 48,
   "executionContextUniqueId": "4159417459852863287.-1417397605335418110"
}
[1789275112.199][DEBUG]: DevTools WebSocket Event: Page.frameAttached (session_id=ADD01671FB081D75F474B44D4C57A6D0) 8D801F2DEA53EC3F5B3A16235CEB322A {
   "frameId": "47E057A5D64A01778407DA7B34397BAA",
   "parentFrameId": "8D801F2DEA53EC3F5B3A16235CEB322A",
   "stack": {
      "callFrames": [ {
         "columnNumber": 20730,
         "functionName": "",
         "lineNumber": 3,
         "scriptId": "12",
         "url": "https://www.betexplorer.com/res/js/libs/jquery-1.11.3.min.js?serial=2608290548"
      }, {
         "columnNumber": 22915,
         "functionName": "domManip",
         "lineNumber": 3,
         "scriptId": "12",
         "url": "https://www.betexplorer.com/res/js/libs/jquery-1.11.3.min.js?serial=2608290548"
      }, {
         "columnNumber": 20619,
         "functionName": "append",
         "lineNumber": 3,
         "scriptId": "12",
         "url": "https://www.betexplorer.com/res/js/libs/jquery-1.11.3.min.js?serial=2608290548"
      }, {
         "columnNumber": 23433,
         "functionName": "m.fn.\u003Ccomputed>",
         "lineNumber": 3,
         "scriptId": "12",
         "url": "https://www.betexplorer.com/res/js/libs/jquery-1.11.3.min.js?serial=2608290548"
      }, {
         "columnNumber": 129529,
         "functionName": "",
         "lineNumber": 15,
         "scriptId": "14",
         "url": "https://www.betexplorer.com/res/js/all.min.js?serial=2608290548"
      }, {
         "columnNumber": 2974,
         "functionName": "each",
         "lineNumber": 1,
         "scriptId": "12",
         "url": "https://www.betexplorer.com/res/js/libs/jquery-1.11.3.min.js?serial=2608290548"
      }, {
         "columnNumber": 834,
         "functionName": "each",
         "lineNumber": 1,
         "scriptId": "12",
         "url": "https://www.betexplorer.com/res/js/libs/jquery-1.11.3.min.js?serial=2608290548"
      }, {
         "columnNumber": 129505,
         "functionName": "",
         "lineNumber": 15,
         "scriptId": "14",
         "url": "https://www.betexplorer.com/res/js/all.min.js?serial=2608290548"
      }, {
         "columnNumber": 2974,
         "functionName": "each",
         "lineNumber": 1,
         "scriptId": "12",
         "url": "https://www.betexplorer.com/res/js/libs/jquery-1.11.3.min.js?serial=2608290548"
      }, {
         "columnNumber": 834,
         "functionName": "each",
         "lineNumber": 1,
         "scriptId": "12",
         "url": "https://www.betexplorer.com/res/js/libs/jquery-1.11.3.min.js?serial=2608290548"
      }, {
         "columnNumber": 129422,
         "functionName": "nr_add_banners_space",
         "lineNumber": 15,
         "scriptId": "14",
         "url": "https://www.betexplorer.com/res/js/all.min.js?serial=2608290548"
      }, {
         "columnNumber": 115021,
         "functionName": "success",
         "lineNumber": 15,
         "scriptId": "14",
         "url": "https://www.betexplorer.com/res/js/all.min.js?serial=2608290548"
      }, {
         "columnNumber": 27308,
         "functionName": "j",
         "lineNumber": 1,
         "scriptId": "12",
         "url": "https://www.betexplorer.com/res/js/libs/jquery-1.11.3.min.js?serial=2608290548"
      }, {
         "columnNumber": 28121,
         "functionName": "fireWith",
         "lineNumber": 1,
         "scriptId": "12",
         "url": "https://www.betexplorer.com/res/js/libs/jquery-1.11.3.min.js?serial=2608290548"
      }, {
         "columnNumber": 22110,
         "functionName": "x",
         "lineNumber": 4,
         "scriptId": "12",
         "url": "https://www.betexplorer.com/res/js/libs/jquery-1.11.3.min.js?serial=2608290548"
      }, {
         "columnNumber": 26029,
         "functionName": "b",
         "lineNumber": 4,
         "scriptId": "12",
         "url": "https://www.betexplorer.com/res/js/libs/jquery-1.11.3.min.js?serial=2608290548"
      } ]
   }
}
[1789275112.199][DEBUG]: DevTools WebSocket Event: Page.frameRequestedNavigation (session_id=ADD01671FB081D75F474B44D4C57A6D0) 8D801F2DEA53EC3F5B3A16235CEB322A {
   "disposition": "currentTab",
   "frameId": "47E057A5D64A01778407DA7B34397BAA",
   "reason": "initialFrameNavigation",
   "url": "about:blank"
}
[1789275112.199][DEBUG]: DevTools WebSocket Event: Page.frameNavigated (session_id=ADD01671FB081D75F474B44D4C57A6D0) 8D801F2DEA53EC3F5B3A16235CEB322A {
   "frame": {
      "adFrameStatus": {
         "adFrameType": "none",
         "explanations": [  ]
      },
      "crossOriginIsolatedContextType": "NotIsolated",
      "domainAndRegistry": "",
      "gatedAPIFeatures": [  ],
      "id": "47E057A5D64A01778407DA7B34397BAA",
      "loaderId": "201AB9D7E038ED274E3EF2A33F66691F",
      "mimeType": "text/html",
      "name": "banx-rs1_mobile",
      "parentId": "8D801F2DEA53EC3F5B3A16235CEB322A",
      "secureContextType": "Secure",
      "securityOrigin": "://",
      "securityOriginDetails": {
         "isLocalhost": false
      },
      "url": "about:blank"
   },
   "type": "Navigation"
}
[1789275112.199][DEBUG]: DevTools WebSocket Event: Page.frameStartedLoading (session_id=ADD01671FB081D75F474B44D4C57A6D0) 8D801F2DEA53EC3F5B3A16235CEB322A {
   "frameId": "47E057A5D64A01778407DA7B34397BAA"
}
[1789275112.199][DEBUG]: DevTools WebSocket Event: Runtime.executionContextCreated (session_id=ADD01671FB081D75F474B44D4C57A6D0) 8D801F2DEA53EC3F5B3A16235CEB322A {
   "context": {
      "auxData": {
         "frameId": "47E057A5D64A01778407DA7B34397BAA",
         "isDefault": true,
         "type": "default"
      },
      "id": 58,
      "name": "",
      "origin": "https://www.betexplorer.com",
      "uniqueId": "-1673761358424195254.-5668447577076907024"
   }
}
[1789275112.200][DEBUG]: DevTools WebSocket Event: Page.frameStoppedLoading (session_id=ADD01671FB081D75F474B44D4C57A6D0) 8D801F2DEA53EC3F5B3A16235CEB322A {
   "frameId": "47E057A5D64A01778407DA7B34397BAA"
}
[1789275112.200][DEBUG]: DevTools WebSocket Event: Page.frameSubtreeWillBeDetached (session_id=ADD01671FB081D75F474B44D4C57A6D0) 8D801F2DEA53EC3F5B3A16235CEB322A {
   "frameId": "9C3BCF9D15BBED1F494A922FE9093B63"
}
[1789275112.202][DEBUG]: DevTools WebSocket Event: Page.frameDetached (session_id=ADD01671FB081D75F474B44D4C57A6D0) 8D801F2DEA53EC3F5B3A16235CEB322A {
   "frameId": "9C3BCF9D15BBED1F494A922FE9093B63",
   "reason": "remove"
}
[1789275112.202][DEBUG]: DevTools WebSocket Event: Runtime.executionContextDestroyed (session_id=ADD01671FB081D75F474B44D4C57A6D0) 8D801F2DEA53EC3F5B3A16235CEB322A {
   "executionContextId": 49,
   "executionContextUniqueId": "-1586878596499813568.2369281029420057791"
}
[1789275112.202][DEBUG]: DevTools WebSocket Event: Page.frameAttached (session_id=ADD01671FB081D75F474B44D4C57A6D0) 8D801F2DEA53EC3F5B3A16235CEB322A {
   "frameId": "8FF8D526BB71F16DBBA043CF9B06C806",
   "parentFrameId": "8D801F2DEA53EC3F5B3A16235CEB322A",
   "stack": {
      "callFrames": [ {
         "columnNumber": 20730,
         "functionName": "",
         "lineNumber": 3,
         "scriptId": "12",
         "url": "https://www.betexplorer.com/res/js/libs/jquery-1.11.3.min.js?serial=2608290548"
      }, {
         "columnNumber": 22915,
         "functionName": "domManip",
         "lineNumber": 3,
         "scriptId": "12",
         "url": "https://www.betexplorer.com/res/js/libs/jquery-1.11.3.min.js?serial=2608290548"
      }, {
         "columnNumber": 20619,
         "functionName": "append",
         "lineNumber": 3,
         "scriptId": "12",
         "url": "https://www.betexplorer.com/res/js/libs/jquery-1.11.3.min.js?serial=2608290548"
      }, {
         "columnNumber": 23433,
         "functionName": "m.fn.\u003Ccomputed>",
         "lineNumber": 3,
         "scriptId": "12",
         "url": "https://www.betexplorer.com/res/js/libs/jquery-1.11.3.min.js?serial=2608290548"
      }, {
         "columnNumber": 129529,
         "functionName": "",
         "lineNumber": 15,
         "scriptId": "14",
         "url": "https://www.betexplorer.com/res/js/all.min.js?serial=2608290548"
      }, {
         "columnNumber": 2974,
         "functionName": "each",
         "lineNumber": 1,
         "scriptId": "12",
         "url": "https://www.betexplorer.com/res/js/libs/jquery-1.11.3.min.js?serial=2608290548"
      }, {
         "columnNumber": 834,
         "functionName": "each",
         "lineNumber": 1,
         "scriptId": "12",
         "url": "https://www.betexplorer.com/res/js/libs/jquery-1.11.3.min.js?serial=2608290548"
      }, {
         "columnNumber": 129505,
         "functionName": "",
         "lineNumber": 15,
         "scriptId": "14",
         "url": "https://www.betexplorer.com/res/js/all.min.js?serial=2608290548"
      }, {
         "columnNumber": 2974,
         "functionName": "each",
         "lineNumber": 1,
         "scriptId": "12",
         "url": "https://www.betexplorer.com/res/js/libs/jquery-1.11.3.min.js?serial=2608290548"
      }, {
         "columnNumber": 834,
         "functionName": "each",
         "lineNumber": 1,
         "scriptId": "12",
         "url": "https://www.betexplorer.com/res/js/libs/jquery-1.11.3.min.js?serial=2608290548"
      }, {
         "columnNumber": 129422,
         "functionName": "nr_add_banners_space",
         "lineNumber": 15,
         "scriptId": "14",
         "url": "https://www.betexplorer.com/res/js/all.min.js?serial=2608290548"
      }, {
         "columnNumber": 115021,
         "functionName": "success",
         "lineNumber": 15,
         "scriptId": "14",
         "url": "https://www.betexplorer.com/res/js/all.min.js?serial=2608290548"
      }, {
         "columnNumber": 27308,
         "functionName": "j",
         "lineNumber": 1,
         "scriptId": "12",
         "url": "https://www.betexplorer.com/res/js/libs/jquery-1.11.3.min.js?serial=2608290548"
      }, {
         "columnNumber": 28121,
         "functionName": "fireWith",
         "lineNumber": 1,
         "scriptId": "12",
         "url": "https://www.betexplorer.com/res/js/libs/jquery-1.11.3.min.js?serial=2608290548"
      }, {
         "columnNumber": 22110,
         "functionName": "x",
         "lineNumber": 4,
         "scriptId": "12",
         "url": "https://www.betexplorer.com/res/js/libs/jquery-1.11.3.min.js?serial=2608290548"
      }, {
         "columnNumber": 26029,
         "functionName": "b",
         "lineNumber": 4,
         "scriptId": "12",
         "url": "https://www.betexplorer.com/res/js/libs/jquery-1.11.3.min.js?serial=2608290548"
      } ]
   }
}
[1789275112.203][DEBUG]: DevTools WebSocket Event: Page.frameRequestedNavigation (session_id=ADD01671FB081D75F474B44D4C57A6D0) 8D801F2DEA53EC3F5B3A16235CEB322A {
   "disposition": "currentTab",
   "frameId": "8FF8D526BB71F16DBBA043CF9B06C806",
   "reason": "initialFrameNavigation",
   "url": "about:blank"
}
[1789275112.203][DEBUG]: DevTools WebSocket Event: Page.frameNavigated (session_id=ADD01671FB081D75F474B44D4C57A6D0) 8D801F2DEA53EC3F5B3A16235CEB322A {
   "frame": {
      "adFrameStatus": {
         "adFrameType": "none",
         "explanations": [  ]
      },
      "crossOriginIsolatedContextType": "NotIsolated",
      "domainAndRegistry": "",
      "gatedAPIFeatures": [  ],
      "id": "8FF8D526BB71F16DBBA043CF9B06C806",
      "loaderId": "3B782DA07C2C4792D45956635831ED6A",
      "mimeType": "text/html",
      "name": "banx-rs2_tablet",
      "parentId": "8D801F2DEA53EC3F5B3A16235CEB322A",
      "secureContextType": "Secure",
      "securityOrigin": "://",
      "securityOriginDetails": {
         "isLocalhost": false
      },
      "url": "about:blank"
   },
   "type": "Navigation"
}
[1789275112.203][DEBUG]: DevTools WebSocket Event: Page.frameStartedLoading (session_id=ADD01671FB081D75F474B44D4C57A6D0) 8D801F2DEA53EC3F5B3A16235CEB322A {
   "frameId": "8FF8D526BB71F16DBBA043CF9B06C806"
}
[1789275112.204][DEBUG]: DevTools WebSocket Event: Runtime.executionContextCreated (session_id=ADD01671FB081D75F474B44D4C57A6D0) 8D801F2DEA53EC3F5B3A16235CEB322A {
   "context": {
      "auxData": {
         "frameId": "8FF8D526BB71F16DBBA043CF9B06C806",
         "isDefault": true,
         "type": "default"
      },
      "id": 59,
      "name": "",
      "origin": "https://www.betexplorer.com",
      "uniqueId": "8732579615010685548.8452726169866014395"
   }
}
[1789275112.204][DEBUG]: DevTools WebSocket Event: Page.frameStoppedLoading (session_id=ADD01671FB081D75F474B44D4C57A6D0) 8D801F2DEA53EC3F5B3A16235CEB322A {
   "frameId": "8FF8D526BB71F16DBBA043CF9B06C806"
}
[1789275112.205][DEBUG]: DevTools WebSocket Event: Page.frameSubtreeWillBeDetached (session_id=ADD01671FB081D75F474B44D4C57A6D0) 8D801F2DEA53EC3F5B3A16235CEB322A {
   "frameId": "FF76A4820B883733B0EBB888129B0578"
}
[1789275112.208][DEBUG]: DevTools WebSocket Event: Page.frameDetached (session_id=ADD01671FB081D75F474B44D4C57A6D0) 8D801F2DEA53EC3F5B3A16235CEB322A {
   "frameId": "FF76A4820B883733B0EBB888129B0578",
   "reason": "remove"
}
[1789275112.208][DEBUG]: DevTools WebSocket Event: Runtime.executionContextDestroyed (session_id=ADD01671FB081D75F474B44D4C57A6D0) 8D801F2DEA53EC3F5B3A16235CEB322A {
   "executionContextId": 50,
   "executionContextUniqueId": "786401924325051508.45611702810276595"
}
[1789275112.209][DEBUG]: DevTools WebSocket Event: Page.frameAttached (session_id=ADD01671FB081D75F474B44D4C57A6D0) 8D801F2DEA53EC3F5B3A16235CEB322A {
   "frameId": "E06E3693223C034535D05781825F8FBA",
   "parentFrameId": "8D801F2DEA53EC3F5B3A16235CEB322A",
   "stack": {
      "callFrames": [ {
         "columnNumber": 20730,
         "functionName": "",
         "lineNumber": 3,
         "scriptId": "12",
         "url": "https://www.betexplorer.com/res/js/libs/jquery-1.11.3.min.js?serial=2608290548"
      }, {
         "columnNumber": 22915,
         "functionName": "domManip",
         "lineNumber": 3,
         "scriptId": "12",
         "url": "https://www.betexplorer.com/res/js/libs/jquery-1.11.3.min.js?serial=2608290548"
      }, {
         "columnNumber": 20619,
         "functionName": "append",
         "lineNumber": 3,
         "scriptId": "12",
         "url": "https://www.betexplorer.com/res/js/libs/jquery-1.11.3.min.js?serial=2608290548"
      }, {
         "columnNumber": 23433,
         "functionName": "m.fn.\u003Ccomputed>",
         "lineNumber": 3,
         "scriptId": "12",
         "url": "https://www.betexplorer.com/res/js/libs/jquery-1.11.3.min.js?serial=2608290548"
      }, {
         "columnNumber": 129529,
         "functionName": "",
         "lineNumber": 15,
         "scriptId": "14",
         "url": "https://www.betexplorer.com/res/js/all.min.js?serial=2608290548"
      }, {
         "columnNumber": 2974,
         "functionName": "each",
         "lineNumber": 1,
         "scriptId": "12",
         "url": "https://www.betexplorer.com/res/js/libs/jquery-1.11.3.min.js?serial=2608290548"
      }, {
         "columnNumber": 834,
         "functionName": "each",
         "lineNumber": 1,
         "scriptId": "12",
         "url": "https://www.betexplorer.com/res/js/libs/jquery-1.11.3.min.js?serial=2608290548"
      }, {
         "columnNumber": 129505,
         "functionName": "",
         "lineNumber": 15,
         "scriptId": "14",
         "url": "https://www.betexplorer.com/res/js/all.min.js?serial=2608290548"
      }, {
         "columnNumber": 2974,
         "functionName": "each",
         "lineNumber": 1,
         "scriptId": "12",
         "url": "https://www.betexplorer.com/res/js/libs/jquery-1.11.3.min.js?serial=2608290548"
      }, {
         "columnNumber": 834,
         "functionName": "each",
         "lineNumber": 1,
         "scriptId": "12",
         "url": "https://www.betexplorer.com/res/js/libs/jquery-1.11.3.min.js?serial=2608290548"
      }, {
         "columnNumber": 129422,
         "functionName": "nr_add_banners_space",
         "lineNumber": 15,
         "scriptId": "14",
         "url": "https://www.betexplorer.com/res/js/all.min.js?serial=2608290548"
      }, {
         "columnNumber": 115021,
         "functionName": "success",
         "lineNumber": 15,
         "scriptId": "14",
         "url": "https://www.betexplorer.com/res/js/all.min.js?serial=2608290548"
      }, {
         "columnNumber": 27308,
         "functionName": "j",
         "lineNumber": 1,
         "scriptId": "12",
         "url": "https://www.betexplorer.com/res/js/libs/jquery-1.11.3.min.js?serial=2608290548"
      }, {
         "columnNumber": 28121,
         "functionName": "fireWith",
         "lineNumber": 1,
         "scriptId": "12",
         "url": "https://www.betexplorer.com/res/js/libs/jquery-1.11.3.min.js?serial=2608290548"
      }, {
         "columnNumber": 22110,
         "functionName": "x",
         "lineNumber": 4,
         "scriptId": "12",
         "url": "https://www.betexplorer.com/res/js/libs/jquery-1.11.3.min.js?serial=2608290548"
      }, {
         "columnNumber": 26029,
         "functionName": "b",
         "lineNumber": 4,
         "scriptId": "12",
         "url": "https://www.betexplorer.com/res/js/libs/jquery-1.11.3.min.js?serial=2608290548"
      } ]
   }
}
[1789275112.209][DEBUG]: DevTools WebSocket Event: Page.frameRequestedNavigation (session_id=ADD01671FB081D75F474B44D4C57A6D0) 8D801F2DEA53EC3F5B3A16235CEB322A {
   "disposition": "currentTab",
   "frameId": "E06E3693223C034535D05781825F8FBA",
   "reason": "initialFrameNavigation",
   "url": "about:blank"
}
[1789275112.209][DEBUG]: DevTools WebSocket Event: Page.frameNavigated (session_id=ADD01671FB081D75F474B44D4C57A6D0) 8D801F2DEA53EC3F5B3A16235CEB322A {
   "frame": {
      "adFrameStatus": {
         "adFrameType": "none",
         "explanations": [  ]
      },
      "crossOriginIsolatedContextType": "NotIsolated",
      "domainAndRegistry": "",
      "gatedAPIFeatures": [  ],
      "id": "E06E3693223C034535D05781825F8FBA",
      "loaderId": "09175D07B3C9369BE1B163104949B671",
      "mimeType": "text/html",
      "name": "banx-rs2_mobile",
      "parentId": "8D801F2DEA53EC3F5B3A16235CEB322A",
      "secureContextType": "Secure",
      "securityOrigin": "://",
      "securityOriginDetails": {
         "isLocalhost": false
      },
      "url": "about:blank"
   },
   "type": "Navigation"
}
[1789275112.209][DEBUG]: DevTools WebSocket Event: Page.frameStartedLoading (session_id=ADD01671FB081D75F474B44D4C57A6D0) 8D801F2DEA53EC3F5B3A16235CEB322A {
   "frameId": "E06E3693223C034535D05781825F8FBA"
}
[1789275112.209][DEBUG]: DevTools WebSocket Event: Runtime.executionContextCreated (session_id=ADD01671FB081D75F474B44D4C57A6D0) 8D801F2DEA53EC3F5B3A16235CEB322A {
   "context": {
      "auxData": {
         "frameId": "E06E3693223C034535D05781825F8FBA",
         "isDefault": true,
         "type": "default"
      },
      "id": 60,
      "name": "",
      "origin": "https://www.betexplorer.com",
      "uniqueId": "-6841898143289922137.8697303903394934915"
   }
}
[1789275112.209][DEBUG]: DevTools WebSocket Event: Page.frameStoppedLoading (session_id=ADD01671FB081D75F474B44D4C57A6D0) 8D801F2DEA53EC3F5B3A16235CEB322A {
   "frameId": "E06E3693223C034535D05781825F8FBA"
}
[1789275112.270][DEBUG]: DevTools WebSocket Response: Runtime.evaluate (id=48) (session_id=ADD01671FB081D75F474B44D4C57A6D0) 8D801F2DEA53EC3F5B3A16235CEB322A {
   "result": {
      "type": "string",
      "value": "complete"
   }
}
[1789275112.271][DEBUG]: DevTools WebSocket Command: Runtime.evaluate (id=49) (session_id=ADD01671FB081D75F474B44D4C57A6D0) 8D801F2DEA53EC3F5B3A16235CEB322A {
   "expression": "1"
}
[1789275112.276][DEBUG]: DevTools WebSocket Event: Target.attachedToTarget (session_id=ADD01671FB081D75F474B44D4C57A6D0) 8D801F2DEA53EC3F5B3A16235CEB322A {
   "sessionId": "AB19FF2E2F8DED49C3059E9A0E547C5A",
   "targetInfo": {
      "attached": true,
      "browserContextId": "090D8DB6DC06E523ACE0155686029545",
      "canAccessOpener": false,
      "parentFrameId": "8D801F2DEA53EC3F5B3A16235CEB322A",
      "parentId": "8D801F2DEA53EC3F5B3A16235CEB322A",
      "targetId": "913F33BF6A1E2A3E3E0C360F263D5300",
      "title": "https://www.betexplorer.com/res/js/timer-worker.js",
      "type": "worker",
      "url": "https://www.betexplorer.com/res/js/timer-worker.js"
   },
   "waitingForDebugger": false
}
[1789275112.291][DEBUG]: DevTools WebSocket Response: Runtime.evaluate (id=49) (session_id=ADD01671FB081D75F474B44D4C57A6D0) 8D801F2DEA53EC3F5B3A16235CEB322A {
   "result": {
      "description": "1",
      "type": "number",
      "value": 1
   }
}
[1789275112.291][INFO]: Done waiting for pending navigations. Status: ok
[1789275112.291][INFO]: [814c289f8a3966f2d3843caec6cd0519] RESPONSE Navigate
[19997:20014:0913/045154.826195:ERROR:google_apis/gcm/engine/registration_request.cc:291] Registration response error message: PHONE_REGISTRATION_ERROR
[19997:20014:0913/045154.827223:ERROR:google_apis/gcm/engine/registration_request.cc:291] Registration response error message: PHONE_REGISTRATION_ERROR
[19997:20014:0913/045154.827435:ERROR:google_apis/gcm/engine/registration_request.cc:291] Registration response error message: PHONE_REGISTRATION_ERROR
[19997:20014:0913/045154.832889:ERROR:google_apis/gcm/engine/mcs_client.cc:702]   Error code: 401  Error message: Authentication Failed: wrong_secret
[19997:20014:0913/045154.832928:ERROR:google_apis/gcm/engine/mcs_client.cc:704] Failed to log in to GCM, resetting connection.
[19997:19997:0913/045155.324719:INFO:CONSOLE:0] "The resource https://www.betexplorer.com/res/styles/img/betexplorer.svg?serial=2608290548 was preloaded using link preload but not used within a few seconds from the window's load event. Please make sure it has an appropriate `as` value and it is preloaded intentionally.", source: https://www.betexplorer.com/football/results/?year=2026&month=09&day=13 (0)
Created TensorFlow Lite XNNPACK delegate for CPU.
[19997:19997:0913/045159.439577:INFO:CONSOLE:0] "The resource https://www.betexplorer.com/res/styles/img/betexplorer.svg?serial=2608290548 was preloaded using link preload but not used within a few seconds from the window's load event. Please make sure it has an appropriate `as` value and it is preloaded intentionally.", source: https://www.betexplorer.com/football/results/?year=2026&month=09&day=13 (0)
[1789275127.293][INFO]: [814c289f8a3966f2d3843caec6cd0519] COMMAND GetSource {
}
[1789275127.293][DEBUG]: DevTools WebSocket Event: Page.documentOpened (session_id=ADD01671FB081D75F474B44D4C57A6D0) 8D801F2DEA53EC3F5B3A16235CEB322A {
   "frame": {
      "adFrameStatus": {
         "adFrameType": "none",
         "explanations": [  ]
      },
      "crossOriginIsolatedContextType": "NotIsolated",
      "domainAndRegistry": "betexplorer.com",
      "gatedAPIFeatures": [  ],
      "id": "582A8BC65AA497E814CE30FB5AC391AC",
      "loaderId": "CC4E53BAB65E67B35FAE85CCCAF756F6",
      "mimeType": "text/html",
      "name": "banx-top_desktop",
      "parentId": "8D801F2DEA53EC3F5B3A16235CEB322A",
      "secureContextType": "Secure",
      "securityOrigin": "https://www.betexplorer.com",
      "securityOriginDetails": {
         "isLocalhost": false
      },
      "url": "https://www.betexplorer.com/football/results/?year=2026&month=09&day=13"
   }
}
[1789275127.293][DEBUG]: DevTools WebSocket Event: Page.documentOpened (session_id=ADD01671FB081D75F474B44D4C57A6D0) 8D801F2DEA53EC3F5B3A16235CEB322A {
   "frame": {
      "adFrameStatus": {
         "adFrameType": "none",
         "explanations": [  ]
      },
      "crossOriginIsolatedContextType": "NotIsolated",
      "domainAndRegistry": "betexplorer.com",
      "gatedAPIFeatures": [  ],
      "id": "F2047F3AA2BB1BFCE737A3E32BC32AC3",
      "loaderId": "234829972C2D9EF79A8930BDED9713E2",
      "mimeType": "text/html",
      "name": "banx-rs1_desktop",
      "parentId": "8D801F2DEA53EC3F5B3A16235CEB322A",
      "secureContextType": "Secure",
      "securityOrigin": "https://www.betexplorer.com",
      "securityOriginDetails": {
         "isLocalhost": false
      },
      "url": "https://www.betexplorer.com/football/results/?year=2026&month=09&day=13"
   }
}
[1789275127.293][DEBUG]: DevTools WebSocket Event: Page.documentOpened (session_id=ADD01671FB081D75F474B44D4C57A6D0) 8D801F2DEA53EC3F5B3A16235CEB322A {
   "frame": {
      "adFrameStatus": {
         "adFrameType": "none",
         "explanations": [  ]
      },
      "crossOriginIsolatedContextType": "NotIsolated",
      "domainAndRegistry": "betexplorer.com",
      "gatedAPIFeatures": [  ],
      "id": "F11EEA0EC47E905C67D6A9156DDE62D6",
      "loaderId": "2E17171A6952344F0E96E11C24083E87",
      "mimeType": "text/html",
      "name": "banx-rs2_desktop",
      "parentId": "8D801F2DEA53EC3F5B3A16235CEB322A",
      "secureContextType": "Secure",
      "securityOrigin": "https://www.betexplorer.com",
      "securityOriginDetails": {
         "isLocalhost": false
      },
      "url": "https://www.betexplorer.com/football/results/?year=2026&month=09&day=13"
   }
}
[1789275127.293][DEBUG]: DevTools WebSocket Event: Log.entryAdded (session_id=ADD01671FB081D75F474B44D4C57A6D0) 8D801F2DEA53EC3F5B3A16235CEB322A {
   "entry": {
      "level": "warning",
      "source": "javascript",
      "text": "The resource https://www.betexplorer.com/res/styles/img/betexplorer.svg?serial=2608290548 was preloaded using link preload but not used within a few seconds from the window's load event. Please mak...",
      "timestamp": 1.789275115323628e+12,
      "url": "https://www.betexplorer.com/football/results/?year=2026&month=09&day=13"
   }
}
[1789275127.293][DEBUG]: DevTools WebSocket Event: Log.entryAdded (session_id=ADD01671FB081D75F474B44D4C57A6D0) 8D801F2DEA53EC3F5B3A16235CEB322A {
   "entry": {
      "level": "warning",
      "source": "javascript",
      "text": "The resource https://www.betexplorer.com/res/styles/img/betexplorer.svg?serial=2608290548 was preloaded using link preload but not used within a few seconds from the window's load event. Please mak...",
      "timestamp": 1.789275119439198e+12,
      "url": "https://www.betexplorer.com/football/results/?year=2026&month=09&day=13"
   }
}
[1789275127.293][INFO]: Waiting for pending navigations...
[1789275127.293][DEBUG]: DevTools WebSocket Command: Runtime.evaluate (id=50) (session_id=ADD01671FB081D75F474B44D4C57A6D0) 8D801F2DEA53EC3F5B3A16235CEB322A {
   "expression": "1"
}
[1789275127.294][DEBUG]: DevTools WebSocket Response: Runtime.evaluate (id=50) (session_id=ADD01671FB081D75F474B44D4C57A6D0) 8D801F2DEA53EC3F5B3A16235CEB322A {
   "result": {
      "description": "1",
      "type": "number",
      "value": 1
   }
}
[1789275127.294][INFO]: Done waiting for pending navigations. Status: ok
[1789275127.294][DEBUG]: DevTools WebSocket Command: Runtime.evaluate (id=51) (session_id=ADD01671FB081D75F474B44D4C57A6D0) 8D801F2DEA53EC3F5B3A16235CEB322A {
   "awaitPromise": true,
   "expression": "(document.documentElement || {}).outerHTML || ''",
   "returnByValue": true
}
[1789275127.414][DEBUG]: DevTools WebSocket Response: Runtime.evaluate (id=51) (session_id=ADD01671FB081D75F474B44D4C57A6D0) 8D801F2DEA53EC3F5B3A16235CEB322A {
   "result": {
      "type": "string",
      "value": "\u003Chtml lang=\"en\" class=\"js\">\u003Chead>\n\n\u003Cscript type=\"text/javascript\" async=\"\" src=\"https://stapecdn.com/dtag/v9.js\">\u003C/script>\u003Cscript type=\"text/javascript\" async=\"\" src=\"https://www.googletagmanager.c..."
   }
}
[1789275127.415][INFO]: Waiting for pending navigations...
[1789275127.415][DEBUG]: DevTools WebSocket Command: Runtime.evaluate (id=52) (session_id=ADD01671FB081D75F474B44D4C57A6D0) 8D801F2DEA53EC3F5B3A16235CEB322A {
   "expression": "1"
}
[1789275127.416][DEBUG]: DevTools WebSocket Response: Runtime.evaluate (id=52) (session_id=ADD01671FB081D75F474B44D4C57A6D0) 8D801F2DEA53EC3F5B3A16235CEB322A {
   "result": {
      "description": "1",
      "type": "number",
      "value": 1
   }
}
[1789275127.416][INFO]: Done waiting for pending navigations. Status: ok
[1789275127.417][INFO]: [814c289f8a3966f2d3843caec6cd0519] RESPONSE GetSource "\u003Chtml lang=\"en\" class=\"js\">\u003Chead>\n\n\u003Cscript type=\"text/javascript\" async=\"\" src=\"https://stapecdn.com/dtag/v9.js\">\u003C/script>\u003Cscript type=\"text/javascript\" async=\"\" src=\"https://www.googletagmanager.c..."
[1789275127.445][INFO]: [814c289f8a3966f2d3843caec6cd0519] COMMAND GetSource {
}
[1789275127.445][INFO]: Waiting for pending navigations...
[1789275127.445][DEBUG]: DevTools WebSocket Command: Runtime.evaluate (id=53) (session_id=ADD01671FB081D75F474B44D4C57A6D0) 8D801F2DEA53EC3F5B3A16235CEB322A {
   "expression": "1"
}
[1789275127.446][DEBUG]: DevTools WebSocket Response: Runtime.evaluate (id=53) (session_id=ADD01671FB081D75F474B44D4C57A6D0) 8D801F2DEA53EC3F5B3A16235CEB322A {
   "result": {
      "description": "1",
      "type": "number",
      "value": 1
   }
}
[1789275127.446][INFO]: Done waiting for pending navigations. Status: ok
[1789275127.446][DEBUG]: DevTools WebSocket Command: Runtime.evaluate (id=54) (session_id=ADD01671FB081D75F474B44D4C57A6D0) 8D801F2DEA53EC3F5B3A16235CEB322A {
   "awaitPromise": true,
   "expression": "(document.documentElement || {}).outerHTML || ''",
   "returnByValue": true
}
[1789275127.570][DEBUG]: DevTools WebSocket Response: Runtime.evaluate (id=54) (session_id=ADD01671FB081D75F474B44D4C57A6D0) 8D801F2DEA53EC3F5B3A16235CEB322A {
   "result": {
      "type": "string",
      "value": "\u003Chtml lang=\"en\" class=\"js\">\u003Chead>\n\n\u003Cscript type=\"text/javascript\" async=\"\" src=\"https://stapecdn.com/dtag/v9.js\">\u003C/script>\u003Cscript type=\"text/javascript\" async=\"\" src=\"https://www.googletagmanager.c..."
   }
}
[1789275127.571][INFO]: Waiting for pending navigations...
[1789275127.571][DEBUG]: DevTools WebSocket Command: Runtime.evaluate (id=55) (session_id=ADD01671FB081D75F474B44D4C57A6D0) 8D801F2DEA53EC3F5B3A16235CEB322A {
   "expression": "1"
}
[1789275127.572][DEBUG]: DevTools WebSocket Response: Runtime.evaluate (id=55) (session_id=ADD01671FB081D75F474B44D4C57A6D0) 8D801F2DEA53EC3F5B3A16235CEB322A {
   "result": {
      "description": "1",
      "type": "number",
      "value": 1
   }
}
[1789275127.572][INFO]: Done waiting for pending navigations. Status: ok
[1789275127.573][INFO]: [814c289f8a3966f2d3843caec6cd0519] RESPONSE GetSource "\u003Chtml lang=\"en\" class=\"js\">\u003Chead>\n\n\u003Cscript type=\"text/javascript\" async=\"\" src=\"https://stapecdn.com/dtag/v9.js\">\u003C/script>\u003Cscript type=\"text/javascript\" async=\"\" src=\"https://www.googletagmanager.c..."
[1789275127.598][INFO]: [814c289f8a3966f2d3843caec6cd0519] COMMAND Quit {
}
[1789275127.649][INFO]: [814c289f8a3966f2d3843caec6cd0519] RESPONSE Quit
[1789275127.650][DEBUG]: Log type 'driver' lost 0 entries on destruction
[1789275127.650][DEBUG]: Log type 'browser' lost 4 entries on destruction
